customer_key,customer_id,customer_name,customer_segment,industry,city,state,country,location_key
1,CUST-00001,Customer 00001,Mid-Market,Education,Chandigarh,Punjab,India,2
2,CUST-00002,Customer 00002,SMB,Telecommunications,Bengaluru,Karnataka,India,6
3,CUST-00003,Customer 00003,Consumer,Technology,Ahmedabad,Gujarat,India,3
4,CUST-00004,Customer 00004,SMB,Education,Kolkata,West Bengal,India,9
5,CUST-00005,Customer 00005,SMB,Technology,Chennai,Tamil Nadu,India,7
6,CUST-00006,Customer 00006,Consumer,Healthcare,Chennai,Tamil Nadu,India,7
7,CUST-00007,Customer 00007,Consumer,Retail,Bhubaneswar,Odisha,India,10
8,CUST-00008,Customer 00008,Mid-Market,Manufacturing,Chennai,Tamil Nadu,India,7
9,CUST-00009,Customer 00009,Enterprise,Manufacturing,Chandigarh,Punjab,India,2
10,CUST-00010,Customer 00010,SMB,Education,Indore,Madhya Pradesh,India,11
11,CUST-00011,Customer 00011,Mid-Market,Education,Chandigarh,Punjab,India,2
12,CUST-00012,Customer 00012,Consumer,Telecommunications,Delhi,Delhi,India,1
13,CUST-00013,Customer 00013,Mid-Market,Education,Kolkata,West Bengal,India,9
14,CUST-00014,Customer 00014,Enterprise,Manufacturing,Jaipur,Rajasthan,India,5
15,CUST-00015,Customer 00015,SMB,Financial Services,Chennai,Tamil Nadu,India,7
16,CUST-00016,Customer 00016,Consumer,Education,Bhopal,Madhya Pradesh,India,12
17,CUST-00017,Customer 00017,Mid-Market,Healthcare,Jaipur,Rajasthan,India,5
18,CUST-00018,Customer 00018,Mid-Market,Manufacturing,Delhi,Delhi,India,1
19,CUST-00019,Customer 00019,SMB,Technology,Bengaluru,Karnataka,India,6
20,CUST-00020,Customer 00020,SMB,Financial Services,Mumbai,Maharashtra,India,4
21,CUST-00021,Customer 00021,Consumer,Manufacturing,Bhopal,Madhya Pradesh,India,12
22,CUST-00022,Customer 00022,Mid-Market,Retail,Hyderabad,Telangana,India,8
23,CUST-00023,Customer 00023,Consumer,Education,Bhubaneswar,Odisha,India,10
24,CUST-00024,Customer 00024,Mid-Market,Healthcare,Indore,Madhya Pradesh,India,11
25,CUST-00025,Customer 00025,Enterprise,Retail,Ahmedabad,Gujarat,India,3
26,CUST-00026,Customer 00026,Enterprise,Financial Services,Bhubaneswar,Odisha,India,10
27,CUST-00027,Customer 00027,SMB,Education,Bhubaneswar,Odisha,India,10
28,CUST-00028,Customer 00028,SMB,Retail,Bengaluru,Karnataka,India,6
29,CUST-00029,Customer 00029,SMB,Manufacturing,Chennai,Tamil Nadu,India,7
30,CUST-00030,Customer 00030,Enterprise,Technology,Delhi,Delhi,India,1
31,CUST-00031,Customer 00031,SMB,Retail,Bengaluru,Karnataka,India,6
32,CUST-00032,Customer 00032,SMB,Manufacturing,Indore,Madhya Pradesh,India,11
33,CUST-00033,Customer 00033,SMB,Retail,Chennai,Tamil Nadu,India,7
34,CUST-00034,Customer 00034,Mid-Market,Manufacturing,Chandigarh,Punjab,India,2
35,CUST-00035,Customer 00035,Mid-Market,Technology,Hyderabad,Telangana,India,8
36,CUST-00036,Customer 00036,Mid-Market,Financial Services,Bhopal,Madhya Pradesh,India,12
37,CUST-00037,Customer 00037,Mid-Market,Education,Bhopal,Madhya Pradesh,India,12
38,CUST-00038,Customer 00038,Mid-Market,Technology,Bhubaneswar,Odisha,India,10
39,CUST-00039,Customer 00039,SMB,Healthcare,Bhopal,Madhya Pradesh,India,12
40,CUST-00040,Customer 00040,SMB,Manufacturing,Chandigarh,Punjab,India,2
41,CUST-00041,Customer 00041,Mid-Market,Retail,Bhopal,Madhya Pradesh,India,12
42,CUST-00042,Customer 00042,Mid-Market,Education,Bengaluru,Karnataka,India,6
43,CUST-00043,Customer 00043,Enterprise,Technology,Jaipur,Rajasthan,India,5
44,CUST-00044,Customer 00044,SMB,Education,Bhubaneswar,Odisha,India,10
45,CUST-00045,Customer 00045,SMB,Financial Services,Kolkata,West Bengal,India,9
46,CUST-00046,Customer 00046,SMB,Financial Services,Bhopal,Madhya Pradesh,India,12
47,CUST-00047,Customer 00047,Mid-Market,Manufacturing,Bengaluru,Karnataka,India,6
48,CUST-00048,Customer 00048,SMB,Healthcare,Ahmedabad,Gujarat,India,3
49,CUST-00049,Customer 00049,Enterprise,Healthcare,Hyderabad,Telangana,India,8
50,CUST-00050,Customer 00050,Consumer,Technology,Jaipur,Rajasthan,India,5
51,CUST-00051,Customer 00051,SMB,Telecommunications,Jaipur,Rajasthan,India,5
52,CUST-00052,Customer 00052,Consumer,Financial Services,Bengaluru,Karnataka,India,6
53,CUST-00053,Customer 00053,SMB,Education,Mumbai,Maharashtra,India,4
54,CUST-00054,Customer 00054,Mid-Market,Manufacturing,Bhubaneswar,Odisha,India,10
55,CUST-00055,Customer 00055,Consumer,Technology,Delhi,Delhi,India,1
56,CUST-00056,Customer 00056,Mid-Market,Manufacturing,Chandigarh,Punjab,India,2
57,CUST-00057,Customer 00057,SMB,Healthcare,Kolkata,West Bengal,India,9
58,CUST-00058,Customer 00058,Consumer,Financial Services,Chennai,Tamil Nadu,India,7
59,CUST-00059,Customer 00059,SMB,Education,Delhi,Delhi,India,1
60,CUST-00060,Customer 00060,SMB,Manufacturing,Hyderabad,Telangana,India,8
61,CUST-00061,Customer 00061,SMB,Retail,Chandigarh,Punjab,India,2
62,CUST-00062,Customer 00062,Mid-Market,Technology,Hyderabad,Telangana,India,8
63,CUST-00063,Customer 00063,SMB,Technology,Bhubaneswar,Odisha,India,10
64,CUST-00064,Customer 00064,Enterprise,Healthcare,Ahmedabad,Gujarat,India,3
65,CUST-00065,Customer 00065,SMB,Technology,Kolkata,West Bengal,India,9
66,CUST-00066,Customer 00066,Consumer,Financial Services,Bhubaneswar,Odisha,India,10
67,CUST-00067,Customer 00067,Mid-Market,Retail,Bhopal,Madhya Pradesh,India,12
68,CUST-00068,Customer 00068,Enterprise,Retail,Hyderabad,Telangana,India,8
69,CUST-00069,Customer 00069,SMB,Telecommunications,Chandigarh,Punjab,India,2
70,CUST-00070,Customer 00070,Enterprise,Education,Bengaluru,Karnataka,India,6
71,CUST-00071,Customer 00071,SMB,Manufacturing,Mumbai,Maharashtra,India,4
72,CUST-00072,Customer 00072,SMB,Telecommunications,Bengaluru,Karnataka,India,6
73,CUST-00073,Customer 00073,Mid-Market,Manufacturing,Chennai,Tamil Nadu,India,7
74,CUST-00074,Customer 00074,SMB,Healthcare,Bhopal,Madhya Pradesh,India,12
75,CUST-00075,Customer 00075,Enterprise,Manufacturing,Indore,Madhya Pradesh,India,11
76,CUST-00076,Customer 00076,Consumer,Education,Jaipur,Rajasthan,India,5
77,CUST-00077,Customer 00077,SMB,Technology,Chennai,Tamil Nadu,India,7
78,CUST-00078,Customer 00078,SMB,Technology,Mumbai,Maharashtra,India,4
79,CUST-00079,Customer 00079,SMB,Financial Services,Chandigarh,Punjab,India,2
80,CUST-00080,Customer 00080,SMB,Education,Kolkata,West Bengal,India,9
81,CUST-00081,Customer 00081,Consumer,Technology,Mumbai,Maharashtra,India,4
82,CUST-00082,Customer 00082,Enterprise,Financial Services,Bhopal,Madhya Pradesh,India,12
83,CUST-00083,Customer 00083,Mid-Market,Manufacturing,Chandigarh,Punjab,India,2
84,CUST-00084,Customer 00084,Consumer,Education,Mumbai,Maharashtra,India,4
85,CUST-00085,Customer 00085,Consumer,Healthcare,Bhopal,Madhya Pradesh,India,12
86,CUST-00086,Customer 00086,SMB,Healthcare,Hyderabad,Telangana,India,8
87,CUST-00087,Customer 00087,Consumer,Financial Services,Indore,Madhya Pradesh,India,11
88,CUST-00088,Customer 00088,Enterprise,Financial Services,Ahmedabad,Gujarat,India,3
89,CUST-00089,Customer 00089,Consumer,Manufacturing,Mumbai,Maharashtra,India,4
90,CUST-00090,Customer 00090,SMB,Telecommunications,Chandigarh,Punjab,India,2
91,CUST-00091,Customer 00091,Consumer,Telecommunications,Indore,Madhya Pradesh,India,11
92,CUST-00092,Customer 00092,Mid-Market,Manufacturing,Chandigarh,Punjab,India,2
93,CUST-00093,Customer 00093,SMB,Education,Delhi,Delhi,India,1
94,CUST-00094,Customer 00094,Enterprise,Healthcare,Jaipur,Rajasthan,India,5
95,CUST-00095,Customer 00095,Mid-Market,Education,Kolkata,West Bengal,India,9
96,CUST-00096,Customer 00096,Mid-Market,Telecommunications,Delhi,Delhi,India,1
97,CUST-00097,Customer 00097,Consumer,Technology,Delhi,Delhi,India,1
98,CUST-00098,Customer 00098,Mid-Market,Financial Services,Indore,Madhya Pradesh,India,11
99,CUST-00099,Customer 00099,Consumer,Retail,Jaipur,Rajasthan,India,5
100,CUST-00100,Customer 00100,Mid-Market,Financial Services,Delhi,Delhi,India,1
101,CUST-00101,Customer 00101,Consumer,Education,Bhopal,Madhya Pradesh,India,12
102,CUST-00102,Customer 00102,Enterprise,Manufacturing,Bengaluru,Karnataka,India,6
103,CUST-00103,Customer 00103,Mid-Market,Technology,Bhopal,Madhya Pradesh,India,12
104,CUST-00104,Customer 00104,SMB,Technology,Mumbai,Maharashtra,India,4
105,CUST-00105,Customer 00105,SMB,Technology,Bhopal,Madhya Pradesh,India,12
106,CUST-00106,Customer 00106,SMB,Retail,Bhopal,Madhya Pradesh,India,12
107,CUST-00107,Customer 00107,Consumer,Financial Services,Bengaluru,Karnataka,India,6
108,CUST-00108,Customer 00108,SMB,Education,Delhi,Delhi,India,1
109,CUST-00109,Customer 00109,Enterprise,Technology,Bhubaneswar,Odisha,India,10
110,CUST-00110,Customer 00110,Mid-Market,Telecommunications,Chennai,Tamil Nadu,India,7
111,CUST-00111,Customer 00111,SMB,Healthcare,Bhopal,Madhya Pradesh,India,12
112,CUST-00112,Customer 00112,Consumer,Retail,Chennai,Tamil Nadu,India,7
113,CUST-00113,Customer 00113,Consumer,Healthcare,Chennai,Tamil Nadu,India,7
114,CUST-00114,Customer 00114,SMB,Technology,Bengaluru,Karnataka,India,6
115,CUST-00115,Customer 00115,Enterprise,Retail,Chandigarh,Punjab,India,2
116,CUST-00116,Customer 00116,Mid-Market,Technology,Kolkata,West Bengal,India,9
117,CUST-00117,Customer 00117,SMB,Telecommunications,Delhi,Delhi,India,1
118,CUST-00118,Customer 00118,Consumer,Telecommunications,Ahmedabad,Gujarat,India,3
119,CUST-00119,Customer 00119,SMB,Manufacturing,Bengaluru,Karnataka,India,6
120,CUST-00120,Customer 00120,Enterprise,Technology,Indore,Madhya Pradesh,India,11
121,CUST-00121,Customer 00121,SMB,Education,Mumbai,Maharashtra,India,4
122,CUST-00122,Customer 00122,SMB,Financial Services,Bengaluru,Karnataka,India,6
123,CUST-00123,Customer 00123,Consumer,Retail,Bhubaneswar,Odisha,India,10
124,CUST-00124,Customer 00124,Mid-Market,Retail,Bhubaneswar,Odisha,India,10
125,CUST-00125,Customer 00125,Mid-Market,Healthcare,Chandigarh,Punjab,India,2
126,CUST-00126,Customer 00126,Consumer,Retail,Chandigarh,Punjab,India,2
127,CUST-00127,Customer 00127,Mid-Market,Manufacturing,Mumbai,Maharashtra,India,4
128,CUST-00128,Customer 00128,SMB,Financial Services,Mumbai,Maharashtra,India,4
129,CUST-00129,Customer 00129,Enterprise,Education,Indore,Madhya Pradesh,India,11
130,CUST-00130,Customer 00130,SMB,Technology,Indore,Madhya Pradesh,India,11
131,CUST-00131,Customer 00131,Consumer,Financial Services,Jaipur,Rajasthan,India,5
132,CUST-00132,Customer 00132,Enterprise,Healthcare,Mumbai,Maharashtra,India,4
133,CUST-00133,Customer 00133,Mid-Market,Telecommunications,Indore,Madhya Pradesh,India,11
134,CUST-00134,Customer 00134,Mid-Market,Financial Services,Chandigarh,Punjab,India,2
135,CUST-00135,Customer 00135,Enterprise,Technology,Bengaluru,Karnataka,India,6
136,CUST-00136,Customer 00136,Mid-Market,Technology,Kolkata,West Bengal,India,9
137,CUST-00137,Customer 00137,SMB,Technology,Bhubaneswar,Odisha,India,10
138,CUST-00138,Customer 00138,Mid-Market,Retail,Chennai,Tamil Nadu,India,7
139,CUST-00139,Customer 00139,SMB,Healthcare,Bhubaneswar,Odisha,India,10
140,CUST-00140,Customer 00140,Consumer,Telecommunications,Kolkata,West Bengal,India,9
141,CUST-00141,Customer 00141,Mid-Market,Technology,Chennai,Tamil Nadu,India,7
142,CUST-00142,Customer 00142,Mid-Market,Financial Services,Indore,Madhya Pradesh,India,11
143,CUST-00143,Customer 00143,Mid-Market,Manufacturing,Hyderabad,Telangana,India,8
144,CUST-00144,Customer 00144,Mid-Market,Technology,Mumbai,Maharashtra,India,4
145,CUST-00145,Customer 00145,Enterprise,Manufacturing,Bhopal,Madhya Pradesh,India,12
146,CUST-00146,Customer 00146,Enterprise,Education,Chandigarh,Punjab,India,2
147,CUST-00147,Customer 00147,Enterprise,Telecommunications,Jaipur,Rajasthan,India,5
148,CUST-00148,Customer 00148,Consumer,Education,Indore,Madhya Pradesh,India,11
149,CUST-00149,Customer 00149,Consumer,Telecommunications,Ahmedabad,Gujarat,India,3
150,CUST-00150,Customer 00150,SMB,Education,Chennai,Tamil Nadu,India,7
151,CUST-00151,Customer 00151,Enterprise,Education,Hyderabad,Telangana,India,8
152,CUST-00152,Customer 00152,SMB,Manufacturing,Bhubaneswar,Odisha,India,10
153,CUST-00153,Customer 00153,SMB,Telecommunications,Bhopal,Madhya Pradesh,India,12
154,CUST-00154,Customer 00154,SMB,Healthcare,Bhubaneswar,Odisha,India,10
155,CUST-00155,Customer 00155,Enterprise,Financial Services,Ahmedabad,Gujarat,India,3
156,CUST-00156,Customer 00156,Mid-Market,Manufacturing,Bengaluru,Karnataka,India,6
157,CUST-00157,Customer 00157,Mid-Market,Financial Services,Hyderabad,Telangana,India,8
158,CUST-00158,Customer 00158,Mid-Market,Healthcare,Chennai,Tamil Nadu,India,7
159,CUST-00159,Customer 00159,SMB,Healthcare,Bengaluru,Karnataka,India,6
160,CUST-00160,Customer 00160,Consumer,Healthcare,Ahmedabad,Gujarat,India,3
161,CUST-00161,Customer 00161,SMB,Telecommunications,Kolkata,West Bengal,India,9
162,CUST-00162,Customer 00162,SMB,Healthcare,Bhubaneswar,Odisha,India,10
163,CUST-00163,Customer 00163,SMB,Education,Bhopal,Madhya Pradesh,India,12
164,CUST-00164,Customer 00164,SMB,Education,Ahmedabad,Gujarat,India,3
165,CUST-00165,Customer 00165,Mid-Market,Retail,Bhubaneswar,Odisha,India,10
166,CUST-00166,Customer 00166,Mid-Market,Education,Ahmedabad,Gujarat,India,3
167,CUST-00167,Customer 00167,Consumer,Retail,Hyderabad,Telangana,India,8
168,CUST-00168,Customer 00168,SMB,Technology,Bhopal,Madhya Pradesh,India,12
169,CUST-00169,Customer 00169,SMB,Technology,Hyderabad,Telangana,India,8
170,CUST-00170,Customer 00170,Consumer,Technology,Chennai,Tamil Nadu,India,7
171,CUST-00171,Customer 00171,Consumer,Technology,Kolkata,West Bengal,India,9
172,CUST-00172,Customer 00172,SMB,Education,Ahmedabad,Gujarat,India,3
173,CUST-00173,Customer 00173,SMB,Education,Bengaluru,Karnataka,India,6
174,CUST-00174,Customer 00174,Mid-Market,Telecommunications,Bhopal,Madhya Pradesh,India,12
175,CUST-00175,Customer 00175,Enterprise,Retail,Kolkata,West Bengal,India,9
176,CUST-00176,Customer 00176,Mid-Market,Retail,Chennai,Tamil Nadu,India,7
177,CUST-00177,Customer 00177,SMB,Manufacturing,Chandigarh,Punjab,India,2
178,CUST-00178,Customer 00178,SMB,Manufacturing,Bengaluru,Karnataka,India,6
179,CUST-00179,Customer 00179,SMB,Education,Kolkata,West Bengal,India,9
180,CUST-00180,Customer 00180,SMB,Manufacturing,Chennai,Tamil Nadu,India,7
181,CUST-00181,Customer 00181,Enterprise,Telecommunications,Chandigarh,Punjab,India,2
182,CUST-00182,Customer 00182,Enterprise,Technology,Bhubaneswar,Odisha,India,10
183,CUST-00183,Customer 00183,Mid-Market,Retail,Bengaluru,Karnataka,India,6
184,CUST-00184,Customer 00184,SMB,Education,Bhopal,Madhya Pradesh,India,12
185,CUST-00185,Customer 00185,Consumer,Healthcare,Kolkata,West Bengal,India,9
186,CUST-00186,Customer 00186,Mid-Market,Education,Bhubaneswar,Odisha,India,10
187,CUST-00187,Customer 00187,Mid-Market,Healthcare,Bhubaneswar,Odisha,India,10
188,CUST-00188,Customer 00188,Enterprise,Financial Services,Mumbai,Maharashtra,India,4
189,CUST-00189,Customer 00189,Mid-Market,Telecommunications,Chandigarh,Punjab,India,2
190,CUST-00190,Customer 00190,SMB,Healthcare,Kolkata,West Bengal,India,9
191,CUST-00191,Customer 00191,Consumer,Manufacturing,Ahmedabad,Gujarat,India,3
192,CUST-00192,Customer 00192,SMB,Education,Jaipur,Rajasthan,India,5
193,CUST-00193,Customer 00193,Consumer,Healthcare,Chandigarh,Punjab,India,2
194,CUST-00194,Customer 00194,Consumer,Education,Delhi,Delhi,India,1
195,CUST-00195,Customer 00195,Consumer,Technology,Bengaluru,Karnataka,India,6
196,CUST-00196,Customer 00196,Enterprise,Retail,Indore,Madhya Pradesh,India,11
197,CUST-00197,Customer 00197,SMB,Retail,Bengaluru,Karnataka,India,6
198,CUST-00198,Customer 00198,SMB,Technology,Chennai,Tamil Nadu,India,7
199,CUST-00199,Customer 00199,Mid-Market,Education,Kolkata,West Bengal,India,9
200,CUST-00200,Customer 00200,Mid-Market,Manufacturing,Bhopal,Madhya Pradesh,India,12
201,CUST-00201,Customer 00201,Consumer,Healthcare,Delhi,Delhi,India,1
202,CUST-00202,Customer 00202,Enterprise,Education,Kolkata,West Bengal,India,9
203,CUST-00203,Customer 00203,Consumer,Telecommunications,Jaipur,Rajasthan,India,5
204,CUST-00204,Customer 00204,Consumer,Financial Services,Kolkata,West Bengal,India,9
205,CUST-00205,Customer 00205,Consumer,Technology,Delhi,Delhi,India,1
206,CUST-00206,Customer 00206,SMB,Retail,Delhi,Delhi,India,1
207,CUST-00207,Customer 00207,Consumer,Technology,Hyderabad,Telangana,India,8
208,CUST-00208,Customer 00208,Mid-Market,Technology,Indore,Madhya Pradesh,India,11
209,CUST-00209,Customer 00209,SMB,Financial Services,Bengaluru,Karnataka,India,6
210,CUST-00210,Customer 00210,Consumer,Financial Services,Bhubaneswar,Odisha,India,10
211,CUST-00211,Customer 00211,Enterprise,Retail,Mumbai,Maharashtra,India,4
212,CUST-00212,Customer 00212,Enterprise,Technology,Delhi,Delhi,India,1
213,CUST-00213,Customer 00213,Consumer,Retail,Bhubaneswar,Odisha,India,10
214,CUST-00214,Customer 00214,Consumer,Financial Services,Bhopal,Madhya Pradesh,India,12
215,CUST-00215,Customer 00215,Consumer,Technology,Ahmedabad,Gujarat,India,3
216,CUST-00216,Customer 00216,SMB,Telecommunications,Bhopal,Madhya Pradesh,India,12
217,CUST-00217,Customer 00217,Consumer,Retail,Indore,Madhya Pradesh,India,11
218,CUST-00218,Customer 00218,Mid-Market,Technology,Bengaluru,Karnataka,India,6
219,CUST-00219,Customer 00219,SMB,Technology,Chandigarh,Punjab,India,2
220,CUST-00220,Customer 00220,SMB,Education,Chennai,Tamil Nadu,India,7
221,CUST-00221,Customer 00221,Mid-Market,Education,Chandigarh,Punjab,India,2
222,CUST-00222,Customer 00222,Mid-Market,Education,Bhubaneswar,Odisha,India,10
223,CUST-00223,Customer 00223,SMB,Financial Services,Delhi,Delhi,India,1
224,CUST-00224,Customer 00224,SMB,Telecommunications,Chennai,Tamil Nadu,India,7
225,CUST-00225,Customer 00225,SMB,Technology,Chennai,Tamil Nadu,India,7
226,CUST-00226,Customer 00226,Consumer,Technology,Delhi,Delhi,India,1
227,CUST-00227,Customer 00227,Mid-Market,Retail,Bengaluru,Karnataka,India,6
228,CUST-00228,Customer 00228,Mid-Market,Technology,Jaipur,Rajasthan,India,5
229,CUST-00229,Customer 00229,SMB,Telecommunications,Jaipur,Rajasthan,India,5
230,CUST-00230,Customer 00230,SMB,Education,Chennai,Tamil Nadu,India,7
231,CUST-00231,Customer 00231,Enterprise,Retail,Indore,Madhya Pradesh,India,11
232,CUST-00232,Customer 00232,Mid-Market,Telecommunications,Ahmedabad,Gujarat,India,3
233,CUST-00233,Customer 00233,SMB,Retail,Bengaluru,Karnataka,India,6
234,CUST-00234,Customer 00234,Consumer,Retail,Mumbai,Maharashtra,India,4
235,CUST-00235,Customer 00235,SMB,Financial Services,Chandigarh,Punjab,India,2
236,CUST-00236,Customer 00236,SMB,Healthcare,Kolkata,West Bengal,India,9
237,CUST-00237,Customer 00237,Enterprise,Technology,Chandigarh,Punjab,India,2
238,CUST-00238,Customer 00238,Mid-Market,Financial Services,Bhopal,Madhya Pradesh,India,12
239,CUST-00239,Customer 00239,SMB,Healthcare,Hyderabad,Telangana,India,8
240,CUST-00240,Customer 00240,Mid-Market,Retail,Jaipur,Rajasthan,India,5
241,CUST-00241,Customer 00241,Mid-Market,Healthcare,Chandigarh,Punjab,India,2
242,CUST-00242,Customer 00242,Mid-Market,Retail,Bhopal,Madhya Pradesh,India,12
243,CUST-00243,Customer 00243,Mid-Market,Technology,Bhopal,Madhya Pradesh,India,12
244,CUST-00244,Customer 00244,Mid-Market,Manufacturing,Bengaluru,Karnataka,India,6
245,CUST-00245,Customer 00245,SMB,Retail,Chandigarh,Punjab,India,2
246,CUST-00246,Customer 00246,SMB,Retail,Hyderabad,Telangana,India,8
247,CUST-00247,Customer 00247,Mid-Market,Retail,Hyderabad,Telangana,India,8
248,CUST-00248,Customer 00248,SMB,Education,Ahmedabad,Gujarat,India,3
249,CUST-00249,Customer 00249,SMB,Manufacturing,Ahmedabad,Gujarat,India,3
250,CUST-00250,Customer 00250,SMB,Healthcare,Chennai,Tamil Nadu,India,7
251,CUST-00251,Customer 00251,Consumer,Education,Bhubaneswar,Odisha,India,10
252,CUST-00252,Customer 00252,SMB,Telecommunications,Chandigarh,Punjab,India,2
253,CUST-00253,Customer 00253,SMB,Manufacturing,Kolkata,West Bengal,India,9
254,CUST-00254,Customer 00254,Consumer,Healthcare,Ahmedabad,Gujarat,India,3
255,CUST-00255,Customer 00255,Enterprise,Manufacturing,Jaipur,Rajasthan,India,5
256,CUST-00256,Customer 00256,Consumer,Technology,Delhi,Delhi,India,1
257,CUST-00257,Customer 00257,Mid-Market,Technology,Bhubaneswar,Odisha,India,10
258,CUST-00258,Customer 00258,Mid-Market,Healthcare,Chennai,Tamil Nadu,India,7
259,CUST-00259,Customer 00259,SMB,Healthcare,Kolkata,West Bengal,India,9
260,CUST-00260,Customer 00260,Consumer,Technology,Indore,Madhya Pradesh,India,11
261,CUST-00261,Customer 00261,Mid-Market,Education,Kolkata,West Bengal,India,9
262,CUST-00262,Customer 00262,SMB,Financial Services,Kolkata,West Bengal,India,9
263,CUST-00263,Customer 00263,Mid-Market,Technology,Kolkata,West Bengal,India,9
264,CUST-00264,Customer 00264,Consumer,Telecommunications,Chennai,Tamil Nadu,India,7
265,CUST-00265,Customer 00265,Mid-Market,Education,Bengaluru,Karnataka,India,6
266,CUST-00266,Customer 00266,SMB,Retail,Bhubaneswar,Odisha,India,10
267,CUST-00267,Customer 00267,SMB,Healthcare,Bhubaneswar,Odisha,India,10
268,CUST-00268,Customer 00268,Mid-Market,Technology,Jaipur,Rajasthan,India,5
269,CUST-00269,Customer 00269,Mid-Market,Manufacturing,Bhubaneswar,Odisha,India,10
270,CUST-00270,Customer 00270,Consumer,Financial Services,Kolkata,West Bengal,India,9
271,CUST-00271,Customer 00271,SMB,Telecommunications,Bhopal,Madhya Pradesh,India,12
272,CUST-00272,Customer 00272,Consumer,Education,Ahmedabad,Gujarat,India,3
273,CUST-00273,Customer 00273,Mid-Market,Technology,Hyderabad,Telangana,India,8
274,CUST-00274,Customer 00274,Enterprise,Healthcare,Indore,Madhya Pradesh,India,11
275,CUST-00275,Customer 00275,Mid-Market,Education,Indore,Madhya Pradesh,India,11
276,CUST-00276,Customer 00276,Mid-Market,Manufacturing,Bengaluru,Karnataka,India,6
277,CUST-00277,Customer 00277,Consumer,Financial Services,Mumbai,Maharashtra,India,4
278,CUST-00278,Customer 00278,Mid-Market,Technology,Bhopal,Madhya Pradesh,India,12
279,CUST-00279,Customer 00279,SMB,Healthcare,Ahmedabad,Gujarat,India,3
280,CUST-00280,Customer 00280,SMB,Retail,Bhopal,Madhya Pradesh,India,12
281,CUST-00281,Customer 00281,Mid-Market,Technology,Delhi,Delhi,India,1
282,CUST-00282,Customer 00282,SMB,Education,Indore,Madhya Pradesh,India,11
283,CUST-00283,Customer 00283,SMB,Retail,Chennai,Tamil Nadu,India,7
284,CUST-00284,Customer 00284,Enterprise,Education,Bhubaneswar,Odisha,India,10
285,CUST-00285,Customer 00285,SMB,Healthcare,Kolkata,West Bengal,India,9
286,CUST-00286,Customer 00286,Consumer,Healthcare,Indore,Madhya Pradesh,India,11
287,CUST-00287,Customer 00287,SMB,Manufacturing,Mumbai,Maharashtra,India,4
288,CUST-00288,Customer 00288,SMB,Education,Kolkata,West Bengal,India,9
289,CUST-00289,Customer 00289,SMB,Telecommunications,Bengaluru,Karnataka,India,6
290,CUST-00290,Customer 00290,Mid-Market,Education,Chandigarh,Punjab,India,2
291,CUST-00291,Customer 00291,SMB,Manufacturing,Chennai,Tamil Nadu,India,7
292,CUST-00292,Customer 00292,Mid-Market,Technology,Chennai,Tamil Nadu,India,7
293,CUST-00293,Customer 00293,SMB,Telecommunications,Bhopal,Madhya Pradesh,India,12
294,CUST-00294,Customer 00294,Mid-Market,Financial Services,Jaipur,Rajasthan,India,5
295,CUST-00295,Customer 00295,Enterprise,Financial Services,Mumbai,Maharashtra,India,4
296,CUST-00296,Customer 00296,Mid-Market,Telecommunications,Hyderabad,Telangana,India,8
297,CUST-00297,Customer 00297,SMB,Healthcare,Bengaluru,Karnataka,India,6
298,CUST-00298,Customer 00298,Mid-Market,Technology,Chennai,Tamil Nadu,India,7
299,CUST-00299,Customer 00299,SMB,Retail,Ahmedabad,Gujarat,India,3
300,CUST-00300,Customer 00300,SMB,Telecommunications,Kolkata,West Bengal,India,9
301,CUST-00301,Customer 00301,SMB,Manufacturing,Indore,Madhya Pradesh,India,11
302,CUST-00302,Customer 00302,SMB,Telecommunications,Hyderabad,Telangana,India,8
303,CUST-00303,Customer 00303,SMB,Telecommunications,Mumbai,Maharashtra,India,4
304,CUST-00304,Customer 00304,Enterprise,Telecommunications,Bengaluru,Karnataka,India,6
305,CUST-00305,Customer 00305,Mid-Market,Education,Chennai,Tamil Nadu,India,7
306,CUST-00306,Customer 00306,SMB,Manufacturing,Hyderabad,Telangana,India,8
307,CUST-00307,Customer 00307,Consumer,Telecommunications,Bengaluru,Karnataka,India,6
308,CUST-00308,Customer 00308,SMB,Healthcare,Chandigarh,Punjab,India,2
309,CUST-00309,Customer 00309,Mid-Market,Education,Bhopal,Madhya Pradesh,India,12
310,CUST-00310,Customer 00310,Enterprise,Technology,Delhi,Delhi,India,1
311,CUST-00311,Customer 00311,SMB,Education,Chennai,Tamil Nadu,India,7
312,CUST-00312,Customer 00312,SMB,Telecommunications,Indore,Madhya Pradesh,India,11
313,CUST-00313,Customer 00313,Mid-Market,Telecommunications,Mumbai,Maharashtra,India,4
314,CUST-00314,Customer 00314,Enterprise,Education,Delhi,Delhi,India,1
315,CUST-00315,Customer 00315,Consumer,Manufacturing,Ahmedabad,Gujarat,India,3
316,CUST-00316,Customer 00316,Consumer,Telecommunications,Mumbai,Maharashtra,India,4
317,CUST-00317,Customer 00317,Mid-Market,Technology,Ahmedabad,Gujarat,India,3
318,CUST-00318,Customer 00318,Enterprise,Technology,Bhopal,Madhya Pradesh,India,12
319,CUST-00319,Customer 00319,SMB,Retail,Bhopal,Madhya Pradesh,India,12
320,CUST-00320,Customer 00320,Consumer,Education,Hyderabad,Telangana,India,8
321,CUST-00321,Customer 00321,Consumer,Education,Kolkata,West Bengal,India,9
322,CUST-00322,Customer 00322,Mid-Market,Technology,Jaipur,Rajasthan,India,5
323,CUST-00323,Customer 00323,Consumer,Retail,Chandigarh,Punjab,India,2
324,CUST-00324,Customer 00324,SMB,Technology,Bengaluru,Karnataka,India,6
325,CUST-00325,Customer 00325,Enterprise,Retail,Mumbai,Maharashtra,India,4
326,CUST-00326,Customer 00326,Consumer,Healthcare,Bhubaneswar,Odisha,India,10
327,CUST-00327,Customer 00327,Mid-Market,Retail,Hyderabad,Telangana,India,8
328,CUST-00328,Customer 00328,Mid-Market,Education,Jaipur,Rajasthan,India,5
329,CUST-00329,Customer 00329,Mid-Market,Education,Bhubaneswar,Odisha,India,10
330,CUST-00330,Customer 00330,Mid-Market,Retail,Kolkata,West Bengal,India,9
331,CUST-00331,Customer 00331,Consumer,Financial Services,Chandigarh,Punjab,India,2
332,CUST-00332,Customer 00332,Enterprise,Financial Services,Indore,Madhya Pradesh,India,11
333,CUST-00333,Customer 00333,SMB,Healthcare,Kolkata,West Bengal,India,9
334,CUST-00334,Customer 00334,Consumer,Education,Bengaluru,Karnataka,India,6
335,CUST-00335,Customer 00335,Mid-Market,Healthcare,Hyderabad,Telangana,India,8
336,CUST-00336,Customer 00336,SMB,Technology,Chennai,Tamil Nadu,India,7
337,CUST-00337,Customer 00337,SMB,Telecommunications,Ahmedabad,Gujarat,India,3
338,CUST-00338,Customer 00338,Mid-Market,Retail,Kolkata,West Bengal,India,9
339,CUST-00339,Customer 00339,SMB,Telecommunications,Bengaluru,Karnataka,India,6
340,CUST-00340,Customer 00340,Mid-Market,Technology,Jaipur,Rajasthan,India,5
341,CUST-00341,Customer 00341,Mid-Market,Technology,Delhi,Delhi,India,1
342,CUST-00342,Customer 00342,SMB,Technology,Chennai,Tamil Nadu,India,7
343,CUST-00343,Customer 00343,Mid-Market,Retail,Bhopal,Madhya Pradesh,India,12
344,CUST-00344,Customer 00344,Consumer,Healthcare,Bengaluru,Karnataka,India,6
345,CUST-00345,Customer 00345,SMB,Education,Bhopal,Madhya Pradesh,India,12
346,CUST-00346,Customer 00346,Consumer,Financial Services,Bhopal,Madhya Pradesh,India,12
347,CUST-00347,Customer 00347,Mid-Market,Financial Services,Jaipur,Rajasthan,India,5
348,CUST-00348,Customer 00348,SMB,Telecommunications,Indore,Madhya Pradesh,India,11
349,CUST-00349,Customer 00349,SMB,Education,Bhopal,Madhya Pradesh,India,12
350,CUST-00350,Customer 00350,Mid-Market,Retail,Hyderabad,Telangana,India,8
351,CUST-00351,Customer 00351,Mid-Market,Financial Services,Indore,Madhya Pradesh,India,11
352,CUST-00352,Customer 00352,Consumer,Financial Services,Ahmedabad,Gujarat,India,3
353,CUST-00353,Customer 00353,SMB,Financial Services,Delhi,Delhi,India,1
354,CUST-00354,Customer 00354,SMB,Education,Mumbai,Maharashtra,India,4
355,CUST-00355,Customer 00355,SMB,Manufacturing,Hyderabad,Telangana,India,8
356,CUST-00356,Customer 00356,SMB,Telecommunications,Bhopal,Madhya Pradesh,India,12
357,CUST-00357,Customer 00357,Consumer,Education,Mumbai,Maharashtra,India,4
358,CUST-00358,Customer 00358,Mid-Market,Education,Mumbai,Maharashtra,India,4
359,CUST-00359,Customer 00359,Enterprise,Manufacturing,Ahmedabad,Gujarat,India,3
360,CUST-00360,Customer 00360,Consumer,Retail,Bengaluru,Karnataka,India,6
361,CUST-00361,Customer 00361,Mid-Market,Manufacturing,Bhubaneswar,Odisha,India,10
362,CUST-00362,Customer 00362,Consumer,Technology,Chandigarh,Punjab,India,2
363,CUST-00363,Customer 00363,Enterprise,Technology,Kolkata,West Bengal,India,9
364,CUST-00364,Customer 00364,Enterprise,Financial Services,Delhi,Delhi,India,1
365,CUST-00365,Customer 00365,SMB,Manufacturing,Bhopal,Madhya Pradesh,India,12
366,CUST-00366,Customer 00366,Enterprise,Healthcare,Bhubaneswar,Odisha,India,10
367,CUST-00367,Customer 00367,Mid-Market,Technology,Indore,Madhya Pradesh,India,11
368,CUST-00368,Customer 00368,SMB,Technology,Bhubaneswar,Odisha,India,10
369,CUST-00369,Customer 00369,Mid-Market,Financial Services,Bengaluru,Karnataka,India,6
370,CUST-00370,Customer 00370,Mid-Market,Healthcare,Bengaluru,Karnataka,India,6
371,CUST-00371,Customer 00371,Enterprise,Technology,Chandigarh,Punjab,India,2
372,CUST-00372,Customer 00372,Enterprise,Telecommunications,Jaipur,Rajasthan,India,5
373,CUST-00373,Customer 00373,SMB,Manufacturing,Chandigarh,Punjab,India,2
374,CUST-00374,Customer 00374,Mid-Market,Healthcare,Delhi,Delhi,India,1
375,CUST-00375,Customer 00375,Consumer,Education,Chennai,Tamil Nadu,India,7
376,CUST-00376,Customer 00376,Mid-Market,Financial Services,Chennai,Tamil Nadu,India,7
377,CUST-00377,Customer 00377,SMB,Financial Services,Hyderabad,Telangana,India,8
378,CUST-00378,Customer 00378,Mid-Market,Retail,Indore,Madhya Pradesh,India,11
379,CUST-00379,Customer 00379,Consumer,Healthcare,Kolkata,West Bengal,India,9
380,CUST-00380,Customer 00380,SMB,Technology,Bengaluru,Karnataka,India,6
381,CUST-00381,Customer 00381,Mid-Market,Retail,Indore,Madhya Pradesh,India,11
382,CUST-00382,Customer 00382,Enterprise,Technology,Hyderabad,Telangana,India,8
383,CUST-00383,Customer 00383,Enterprise,Telecommunications,Delhi,Delhi,India,1
384,CUST-00384,Customer 00384,Enterprise,Financial Services,Bhopal,Madhya Pradesh,India,12
385,CUST-00385,Customer 00385,SMB,Technology,Chandigarh,Punjab,India,2
386,CUST-00386,Customer 00386,SMB,Financial Services,Bengaluru,Karnataka,India,6
387,CUST-00387,Customer 00387,Consumer,Retail,Ahmedabad,Gujarat,India,3
388,CUST-00388,Customer 00388,Consumer,Technology,Bengaluru,Karnataka,India,6
389,CUST-00389,Customer 00389,Mid-Market,Retail,Chennai,Tamil Nadu,India,7
390,CUST-00390,Customer 00390,Consumer,Education,Indore,Madhya Pradesh,India,11
391,CUST-00391,Customer 00391,Consumer,Financial Services,Mumbai,Maharashtra,India,4
392,CUST-00392,Customer 00392,SMB,Manufacturing,Chennai,Tamil Nadu,India,7
393,CUST-00393,Customer 00393,Mid-Market,Telecommunications,Indore,Madhya Pradesh,India,11
394,CUST-00394,Customer 00394,Mid-Market,Education,Kolkata,West Bengal,India,9
395,CUST-00395,Customer 00395,SMB,Education,Chennai,Tamil Nadu,India,7
396,CUST-00396,Customer 00396,Mid-Market,Financial Services,Mumbai,Maharashtra,India,4
397,CUST-00397,Customer 00397,Enterprise,Healthcare,Hyderabad,Telangana,India,8
398,CUST-00398,Customer 00398,Mid-Market,Technology,Indore,Madhya Pradesh,India,11
399,CUST-00399,Customer 00399,Mid-Market,Technology,Jaipur,Rajasthan,India,5
400,CUST-00400,Customer 00400,SMB,Education,Hyderabad,Telangana,India,8
401,CUST-00401,Customer 00401,Mid-Market,Education,Mumbai,Maharashtra,India,4
402,CUST-00402,Customer 00402,SMB,Telecommunications,Chandigarh,Punjab,India,2
403,CUST-00403,Customer 00403,Enterprise,Technology,Ahmedabad,Gujarat,India,3
404,CUST-00404,Customer 00404,Mid-Market,Retail,Kolkata,West Bengal,India,9
405,CUST-00405,Customer 00405,Consumer,Manufacturing,Bhubaneswar,Odisha,India,10
406,CUST-00406,Customer 00406,Enterprise,Technology,Mumbai,Maharashtra,India,4
407,CUST-00407,Customer 00407,SMB,Telecommunications,Chennai,Tamil Nadu,India,7
408,CUST-00408,Customer 00408,Consumer,Technology,Jaipur,Rajasthan,India,5
409,CUST-00409,Customer 00409,SMB,Telecommunications,Chandigarh,Punjab,India,2
410,CUST-00410,Customer 00410,Mid-Market,Retail,Chandigarh,Punjab,India,2
411,CUST-00411,Customer 00411,SMB,Technology,Kolkata,West Bengal,India,9
412,CUST-00412,Customer 00412,SMB,Healthcare,Chandigarh,Punjab,India,2
413,CUST-00413,Customer 00413,Enterprise,Education,Bhopal,Madhya Pradesh,India,12
414,CUST-00414,Customer 00414,Mid-Market,Retail,Delhi,Delhi,India,1
415,CUST-00415,Customer 00415,Mid-Market,Telecommunications,Indore,Madhya Pradesh,India,11
416,CUST-00416,Customer 00416,SMB,Retail,Hyderabad,Telangana,India,8
417,CUST-00417,Customer 00417,SMB,Healthcare,Chennai,Tamil Nadu,India,7
418,CUST-00418,Customer 00418,SMB,Education,Chennai,Tamil Nadu,India,7
419,CUST-00419,Customer 00419,Consumer,Education,Mumbai,Maharashtra,India,4
420,CUST-00420,Customer 00420,SMB,Healthcare,Chandigarh,Punjab,India,2
421,CUST-00421,Customer 00421,SMB,Technology,Bhopal,Madhya Pradesh,India,12
422,CUST-00422,Customer 00422,Mid-Market,Manufacturing,Jaipur,Rajasthan,India,5
423,CUST-00423,Customer 00423,Consumer,Technology,Bhopal,Madhya Pradesh,India,12
424,CUST-00424,Customer 00424,SMB,Healthcare,Hyderabad,Telangana,India,8
425,CUST-00425,Customer 00425,Consumer,Financial Services,Bengaluru,Karnataka,India,6
426,CUST-00426,Customer 00426,Mid-Market,Financial Services,Mumbai,Maharashtra,India,4
427,CUST-00427,Customer 00427,Consumer,Telecommunications,Bhopal,Madhya Pradesh,India,12
428,CUST-00428,Customer 00428,SMB,Financial Services,Ahmedabad,Gujarat,India,3
429,CUST-00429,Customer 00429,Consumer,Education,Indore,Madhya Pradesh,India,11
430,CUST-00430,Customer 00430,SMB,Healthcare,Hyderabad,Telangana,India,8
431,CUST-00431,Customer 00431,SMB,Education,Chandigarh,Punjab,India,2
432,CUST-00432,Customer 00432,SMB,Education,Chennai,Tamil Nadu,India,7
433,CUST-00433,Customer 00433,Consumer,Technology,Bengaluru,Karnataka,India,6
434,CUST-00434,Customer 00434,SMB,Telecommunications,Kolkata,West Bengal,India,9
435,CUST-00435,Customer 00435,Mid-Market,Technology,Chennai,Tamil Nadu,India,7
436,CUST-00436,Customer 00436,Enterprise,Education,Bengaluru,Karnataka,India,6
437,CUST-00437,Customer 00437,Mid-Market,Telecommunications,Ahmedabad,Gujarat,India,3
438,CUST-00438,Customer 00438,Consumer,Education,Bhubaneswar,Odisha,India,10
439,CUST-00439,Customer 00439,Mid-Market,Healthcare,Hyderabad,Telangana,India,8
440,CUST-00440,Customer 00440,SMB,Retail,Jaipur,Rajasthan,India,5
441,CUST-00441,Customer 00441,SMB,Healthcare,Jaipur,Rajasthan,India,5
442,CUST-00442,Customer 00442,SMB,Telecommunications,Chennai,Tamil Nadu,India,7
443,CUST-00443,Customer 00443,Mid-Market,Financial Services,Delhi,Delhi,India,1
444,CUST-00444,Customer 00444,Enterprise,Healthcare,Jaipur,Rajasthan,India,5
445,CUST-00445,Customer 00445,SMB,Financial Services,Mumbai,Maharashtra,India,4
446,CUST-00446,Customer 00446,Consumer,Healthcare,Delhi,Delhi,India,1
447,CUST-00447,Customer 00447,Enterprise,Financial Services,Kolkata,West Bengal,India,9
448,CUST-00448,Customer 00448,Consumer,Education,Bengaluru,Karnataka,India,6
449,CUST-00449,Customer 00449,Mid-Market,Financial Services,Jaipur,Rajasthan,India,5
450,CUST-00450,Customer 00450,SMB,Financial Services,Bhopal,Madhya Pradesh,India,12
451,CUST-00451,Customer 00451,Mid-Market,Manufacturing,Delhi,Delhi,India,1
452,CUST-00452,Customer 00452,SMB,Technology,Chandigarh,Punjab,India,2
453,CUST-00453,Customer 00453,SMB,Telecommunications,Chandigarh,Punjab,India,2
454,CUST-00454,Customer 00454,Enterprise,Manufacturing,Kolkata,West Bengal,India,9
455,CUST-00455,Customer 00455,Mid-Market,Financial Services,Ahmedabad,Gujarat,India,3
456,CUST-00456,Customer 00456,Consumer,Education,Mumbai,Maharashtra,India,4
457,CUST-00457,Customer 00457,Consumer,Telecommunications,Bhubaneswar,Odisha,India,10
458,CUST-00458,Customer 00458,Consumer,Telecommunications,Hyderabad,Telangana,India,8
459,CUST-00459,Customer 00459,Enterprise,Technology,Hyderabad,Telangana,India,8
460,CUST-00460,Customer 00460,SMB,Healthcare,Bhopal,Madhya Pradesh,India,12
461,CUST-00461,Customer 00461,Consumer,Technology,Bengaluru,Karnataka,India,6
462,CUST-00462,Customer 00462,SMB,Retail,Kolkata,West Bengal,India,9
463,CUST-00463,Customer 00463,Mid-Market,Financial Services,Chennai,Tamil Nadu,India,7
464,CUST-00464,Customer 00464,Consumer,Financial Services,Bengaluru,Karnataka,India,6
465,CUST-00465,Customer 00465,SMB,Retail,Jaipur,Rajasthan,India,5
466,CUST-00466,Customer 00466,Mid-Market,Healthcare,Kolkata,West Bengal,India,9
467,CUST-00467,Customer 00467,SMB,Healthcare,Indore,Madhya Pradesh,India,11
468,CUST-00468,Customer 00468,Mid-Market,Education,Delhi,Delhi,India,1
469,CUST-00469,Customer 00469,Enterprise,Telecommunications,Hyderabad,Telangana,India,8
470,CUST-00470,Customer 00470,Enterprise,Telecommunications,Ahmedabad,Gujarat,India,3
471,CUST-00471,Customer 00471,Consumer,Financial Services,Jaipur,Rajasthan,India,5
472,CUST-00472,Customer 00472,Mid-Market,Financial Services,Hyderabad,Telangana,India,8
473,CUST-00473,Customer 00473,Mid-Market,Manufacturing,Delhi,Delhi,India,1
474,CUST-00474,Customer 00474,Consumer,Retail,Indore,Madhya Pradesh,India,11
475,CUST-00475,Customer 00475,Mid-Market,Telecommunications,Chennai,Tamil Nadu,India,7
476,CUST-00476,Customer 00476,Mid-Market,Manufacturing,Chennai,Tamil Nadu,India,7
477,CUST-00477,Customer 00477,Mid-Market,Financial Services,Mumbai,Maharashtra,India,4
478,CUST-00478,Customer 00478,Consumer,Telecommunications,Delhi,Delhi,India,1
479,CUST-00479,Customer 00479,SMB,Education,Delhi,Delhi,India,1
480,CUST-00480,Customer 00480,SMB,Manufacturing,Mumbai,Maharashtra,India,4
481,CUST-00481,Customer 00481,Mid-Market,Manufacturing,Jaipur,Rajasthan,India,5
482,CUST-00482,Customer 00482,Enterprise,Technology,Jaipur,Rajasthan,India,5
483,CUST-00483,Customer 00483,SMB,Telecommunications,Ahmedabad,Gujarat,India,3
484,CUST-00484,Customer 00484,Mid-Market,Telecommunications,Indore,Madhya Pradesh,India,11
485,CUST-00485,Customer 00485,Mid-Market,Manufacturing,Jaipur,Rajasthan,India,5
486,CUST-00486,Customer 00486,Enterprise,Financial Services,Chandigarh,Punjab,India,2
487,CUST-00487,Customer 00487,Consumer,Technology,Jaipur,Rajasthan,India,5
488,CUST-00488,Customer 00488,SMB,Healthcare,Delhi,Delhi,India,1
489,CUST-00489,Customer 00489,Mid-Market,Manufacturing,Delhi,Delhi,India,1
490,CUST-00490,Customer 00490,Mid-Market,Manufacturing,Chennai,Tamil Nadu,India,7
491,CUST-00491,Customer 00491,Consumer,Telecommunications,Indore,Madhya Pradesh,India,11
492,CUST-00492,Customer 00492,SMB,Education,Bhubaneswar,Odisha,India,10
493,CUST-00493,Customer 00493,Consumer,Financial Services,Indore,Madhya Pradesh,India,11
494,CUST-00494,Customer 00494,Enterprise,Healthcare,Kolkata,West Bengal,India,9
495,CUST-00495,Customer 00495,SMB,Healthcare,Bhopal,Madhya Pradesh,India,12
496,CUST-00496,Customer 00496,SMB,Retail,Hyderabad,Telangana,India,8
497,CUST-00497,Customer 00497,Mid-Market,Education,Hyderabad,Telangana,India,8
498,CUST-00498,Customer 00498,Mid-Market,Telecommunications,Ahmedabad,Gujarat,India,3
499,CUST-00499,Customer 00499,Enterprise,Retail,Mumbai,Maharashtra,India,4
500,CUST-00500,Customer 00500,Mid-Market,Telecommunications,Chennai,Tamil Nadu,India,7
501,CUST-00501,Customer 00501,SMB,Technology,Indore,Madhya Pradesh,India,11
502,CUST-00502,Customer 00502,Mid-Market,Technology,Bhubaneswar,Odisha,India,10
503,CUST-00503,Customer 00503,Mid-Market,Retail,Bhubaneswar,Odisha,India,10
504,CUST-00504,Customer 00504,Mid-Market,Telecommunications,Chandigarh,Punjab,India,2
505,CUST-00505,Customer 00505,SMB,Education,Jaipur,Rajasthan,India,5
506,CUST-00506,Customer 00506,SMB,Retail,Mumbai,Maharashtra,India,4
507,CUST-00507,Customer 00507,Consumer,Manufacturing,Delhi,Delhi,India,1
508,CUST-00508,Customer 00508,Mid-Market,Healthcare,Chennai,Tamil Nadu,India,7
509,CUST-00509,Customer 00509,Consumer,Retail,Chandigarh,Punjab,India,2
510,CUST-00510,Customer 00510,Mid-Market,Technology,Hyderabad,Telangana,India,8
511,CUST-00511,Customer 00511,SMB,Telecommunications,Mumbai,Maharashtra,India,4
512,CUST-00512,Customer 00512,SMB,Telecommunications,Mumbai,Maharashtra,India,4
513,CUST-00513,Customer 00513,Mid-Market,Retail,Bhubaneswar,Odisha,India,10
514,CUST-00514,Customer 00514,Mid-Market,Telecommunications,Jaipur,Rajasthan,India,5
515,CUST-00515,Customer 00515,Mid-Market,Education,Kolkata,West Bengal,India,9
516,CUST-00516,Customer 00516,SMB,Manufacturing,Indore,Madhya Pradesh,India,11
517,CUST-00517,Customer 00517,Consumer,Manufacturing,Hyderabad,Telangana,India,8
518,CUST-00518,Customer 00518,SMB,Healthcare,Mumbai,Maharashtra,India,4
519,CUST-00519,Customer 00519,Mid-Market,Healthcare,Jaipur,Rajasthan,India,5
520,CUST-00520,Customer 00520,Enterprise,Manufacturing,Bengaluru,Karnataka,India,6
521,CUST-00521,Customer 00521,SMB,Technology,Bhubaneswar,Odisha,India,10
522,CUST-00522,Customer 00522,SMB,Retail,Chandigarh,Punjab,India,2
523,CUST-00523,Customer 00523,Mid-Market,Technology,Mumbai,Maharashtra,India,4
524,CUST-00524,Customer 00524,SMB,Financial Services,Bhubaneswar,Odisha,India,10
525,CUST-00525,Customer 00525,Mid-Market,Telecommunications,Bhopal,Madhya Pradesh,India,12
526,CUST-00526,Customer 00526,Enterprise,Retail,Indore,Madhya Pradesh,India,11
527,CUST-00527,Customer 00527,Enterprise,Financial Services,Indore,Madhya Pradesh,India,11
528,CUST-00528,Customer 00528,SMB,Financial Services,Mumbai,Maharashtra,India,4
529,CUST-00529,Customer 00529,Mid-Market,Telecommunications,Indore,Madhya Pradesh,India,11
530,CUST-00530,Customer 00530,SMB,Manufacturing,Bhopal,Madhya Pradesh,India,12
531,CUST-00531,Customer 00531,SMB,Telecommunications,Bhubaneswar,Odisha,India,10
532,CUST-00532,Customer 00532,SMB,Financial Services,Kolkata,West Bengal,India,9
533,CUST-00533,Customer 00533,Consumer,Healthcare,Delhi,Delhi,India,1
534,CUST-00534,Customer 00534,SMB,Healthcare,Chennai,Tamil Nadu,India,7
535,CUST-00535,Customer 00535,Mid-Market,Technology,Chennai,Tamil Nadu,India,7
536,CUST-00536,Customer 00536,SMB,Telecommunications,Kolkata,West Bengal,India,9
537,CUST-00537,Customer 00537,Consumer,Manufacturing,Jaipur,Rajasthan,India,5
538,CUST-00538,Customer 00538,Mid-Market,Education,Indore,Madhya Pradesh,India,11
539,CUST-00539,Customer 00539,SMB,Manufacturing,Indore,Madhya Pradesh,India,11
540,CUST-00540,Customer 00540,Mid-Market,Retail,Bengaluru,Karnataka,India,6
541,CUST-00541,Customer 00541,Consumer,Financial Services,Bhubaneswar,Odisha,India,10
542,CUST-00542,Customer 00542,Consumer,Telecommunications,Bhopal,Madhya Pradesh,India,12
543,CUST-00543,Customer 00543,SMB,Telecommunications,Bhopal,Madhya Pradesh,India,12
544,CUST-00544,Customer 00544,SMB,Education,Bhopal,Madhya Pradesh,India,12
545,CUST-00545,Customer 00545,SMB,Manufacturing,Chandigarh,Punjab,India,2
546,CUST-00546,Customer 00546,SMB,Financial Services,Kolkata,West Bengal,India,9
547,CUST-00547,Customer 00547,Mid-Market,Healthcare,Hyderabad,Telangana,India,8
548,CUST-00548,Customer 00548,Mid-Market,Retail,Bengaluru,Karnataka,India,6
549,CUST-00549,Customer 00549,Consumer,Financial Services,Mumbai,Maharashtra,India,4
550,CUST-00550,Customer 00550,Mid-Market,Telecommunications,Mumbai,Maharashtra,India,4
551,CUST-00551,Customer 00551,Mid-Market,Technology,Jaipur,Rajasthan,India,5
552,CUST-00552,Customer 00552,Consumer,Education,Bengaluru,Karnataka,India,6
553,CUST-00553,Customer 00553,SMB,Technology,Ahmedabad,Gujarat,India,3
554,CUST-00554,Customer 00554,Mid-Market,Technology,Hyderabad,Telangana,India,8
555,CUST-00555,Customer 00555,Mid-Market,Telecommunications,Bengaluru,Karnataka,India,6
556,CUST-00556,Customer 00556,Mid-Market,Financial Services,Bhopal,Madhya Pradesh,India,12
557,CUST-00557,Customer 00557,Consumer,Retail,Jaipur,Rajasthan,India,5
558,CUST-00558,Customer 00558,Enterprise,Telecommunications,Mumbai,Maharashtra,India,4
559,CUST-00559,Customer 00559,SMB,Technology,Bhopal,Madhya Pradesh,India,12
560,CUST-00560,Customer 00560,Consumer,Financial Services,Ahmedabad,Gujarat,India,3
561,CUST-00561,Customer 00561,Enterprise,Retail,Ahmedabad,Gujarat,India,3
562,CUST-00562,Customer 00562,Mid-Market,Education,Kolkata,West Bengal,India,9
563,CUST-00563,Customer 00563,SMB,Healthcare,Chandigarh,Punjab,India,2
564,CUST-00564,Customer 00564,SMB,Manufacturing,Ahmedabad,Gujarat,India,3
565,CUST-00565,Customer 00565,Consumer,Retail,Bhubaneswar,Odisha,India,10
566,CUST-00566,Customer 00566,SMB,Telecommunications,Delhi,Delhi,India,1
567,CUST-00567,Customer 00567,SMB,Technology,Chandigarh,Punjab,India,2
568,CUST-00568,Customer 00568,Mid-Market,Telecommunications,Chandigarh,Punjab,India,2
569,CUST-00569,Customer 00569,Mid-Market,Manufacturing,Mumbai,Maharashtra,India,4
570,CUST-00570,Customer 00570,SMB,Technology,Ahmedabad,Gujarat,India,3
571,CUST-00571,Customer 00571,SMB,Healthcare,Bhubaneswar,Odisha,India,10
572,CUST-00572,Customer 00572,Consumer,Education,Kolkata,West Bengal,India,9
573,CUST-00573,Customer 00573,Mid-Market,Healthcare,Bhopal,Madhya Pradesh,India,12
574,CUST-00574,Customer 00574,Consumer,Education,Ahmedabad,Gujarat,India,3
575,CUST-00575,Customer 00575,Consumer,Manufacturing,Ahmedabad,Gujarat,India,3
576,CUST-00576,Customer 00576,Consumer,Financial Services,Mumbai,Maharashtra,India,4
577,CUST-00577,Customer 00577,Mid-Market,Technology,Indore,Madhya Pradesh,India,11
578,CUST-00578,Customer 00578,Enterprise,Manufacturing,Mumbai,Maharashtra,India,4
579,CUST-00579,Customer 00579,Enterprise,Technology,Chennai,Tamil Nadu,India,7
580,CUST-00580,Customer 00580,SMB,Manufacturing,Chandigarh,Punjab,India,2
581,CUST-00581,Customer 00581,SMB,Technology,Chandigarh,Punjab,India,2
582,CUST-00582,Customer 00582,Mid-Market,Education,Kolkata,West Bengal,India,9
583,CUST-00583,Customer 00583,Consumer,Financial Services,Delhi,Delhi,India,1
584,CUST-00584,Customer 00584,SMB,Education,Mumbai,Maharashtra,India,4
585,CUST-00585,Customer 00585,Enterprise,Education,Bengaluru,Karnataka,India,6
586,CUST-00586,Customer 00586,SMB,Healthcare,Bengaluru,Karnataka,India,6
587,CUST-00587,Customer 00587,SMB,Financial Services,Hyderabad,Telangana,India,8
588,CUST-00588,Customer 00588,SMB,Manufacturing,Ahmedabad,Gujarat,India,3
589,CUST-00589,Customer 00589,Mid-Market,Manufacturing,Kolkata,West Bengal,India,9
590,CUST-00590,Customer 00590,Mid-Market,Financial Services,Jaipur,Rajasthan,India,5
591,CUST-00591,Customer 00591,Enterprise,Education,Hyderabad,Telangana,India,8
592,CUST-00592,Customer 00592,Mid-Market,Technology,Bhubaneswar,Odisha,India,10
593,CUST-00593,Customer 00593,Consumer,Financial Services,Chandigarh,Punjab,India,2
594,CUST-00594,Customer 00594,Consumer,Healthcare,Delhi,Delhi,India,1
595,CUST-00595,Customer 00595,SMB,Technology,Indore,Madhya Pradesh,India,11
596,CUST-00596,Customer 00596,Mid-Market,Manufacturing,Ahmedabad,Gujarat,India,3
597,CUST-00597,Customer 00597,Consumer,Telecommunications,Ahmedabad,Gujarat,India,3
598,CUST-00598,Customer 00598,Mid-Market,Telecommunications,Bhopal,Madhya Pradesh,India,12
599,CUST-00599,Customer 00599,SMB,Financial Services,Hyderabad,Telangana,India,8
600,CUST-00600,Customer 00600,SMB,Healthcare,Bhopal,Madhya Pradesh,India,12
601,CUST-00601,Customer 00601,SMB,Manufacturing,Delhi,Delhi,India,1
602,CUST-00602,Customer 00602,SMB,Education,Jaipur,Rajasthan,India,5
603,CUST-00603,Customer 00603,Enterprise,Technology,Bengaluru,Karnataka,India,6
604,CUST-00604,Customer 00604,SMB,Retail,Bhopal,Madhya Pradesh,India,12
605,CUST-00605,Customer 00605,Mid-Market,Financial Services,Hyderabad,Telangana,India,8
606,CUST-00606,Customer 00606,Consumer,Education,Mumbai,Maharashtra,India,4
607,CUST-00607,Customer 00607,Mid-Market,Manufacturing,Jaipur,Rajasthan,India,5
608,CUST-00608,Customer 00608,SMB,Financial Services,Bhubaneswar,Odisha,India,10
609,CUST-00609,Customer 00609,SMB,Healthcare,Chandigarh,Punjab,India,2
610,CUST-00610,Customer 00610,Enterprise,Retail,Hyderabad,Telangana,India,8
611,CUST-00611,Customer 00611,Mid-Market,Technology,Jaipur,Rajasthan,India,5
612,CUST-00612,Customer 00612,SMB,Telecommunications,Hyderabad,Telangana,India,8
613,CUST-00613,Customer 00613,Consumer,Financial Services,Bhubaneswar,Odisha,India,10
614,CUST-00614,Customer 00614,SMB,Manufacturing,Chandigarh,Punjab,India,2
615,CUST-00615,Customer 00615,Enterprise,Telecommunications,Indore,Madhya Pradesh,India,11
616,CUST-00616,Customer 00616,SMB,Financial Services,Jaipur,Rajasthan,India,5
617,CUST-00617,Customer 00617,SMB,Financial Services,Bengaluru,Karnataka,India,6
618,CUST-00618,Customer 00618,Enterprise,Financial Services,Delhi,Delhi,India,1
619,CUST-00619,Customer 00619,Mid-Market,Financial Services,Jaipur,Rajasthan,India,5
620,CUST-00620,Customer 00620,Enterprise,Financial Services,Chennai,Tamil Nadu,India,7
621,CUST-00621,Customer 00621,Mid-Market,Telecommunications,Hyderabad,Telangana,India,8
622,CUST-00622,Customer 00622,Enterprise,Healthcare,Jaipur,Rajasthan,India,5
623,CUST-00623,Customer 00623,Mid-Market,Healthcare,Chennai,Tamil Nadu,India,7
624,CUST-00624,Customer 00624,Mid-Market,Retail,Bhopal,Madhya Pradesh,India,12
625,CUST-00625,Customer 00625,Consumer,Telecommunications,Bhubaneswar,Odisha,India,10
626,CUST-00626,Customer 00626,Enterprise,Technology,Kolkata,West Bengal,India,9
627,CUST-00627,Customer 00627,SMB,Technology,Delhi,Delhi,India,1
628,CUST-00628,Customer 00628,Consumer,Technology,Jaipur,Rajasthan,India,5
629,CUST-00629,Customer 00629,Consumer,Education,Bhopal,Madhya Pradesh,India,12
630,CUST-00630,Customer 00630,Consumer,Manufacturing,Kolkata,West Bengal,India,9
631,CUST-00631,Customer 00631,Mid-Market,Technology,Bengaluru,Karnataka,India,6
632,CUST-00632,Customer 00632,Consumer,Healthcare,Delhi,Delhi,India,1
633,CUST-00633,Customer 00633,Consumer,Retail,Chandigarh,Punjab,India,2
634,CUST-00634,Customer 00634,Consumer,Financial Services,Bhopal,Madhya Pradesh,India,12
635,CUST-00635,Customer 00635,SMB,Manufacturing,Mumbai,Maharashtra,India,4
636,CUST-00636,Customer 00636,Mid-Market,Telecommunications,Mumbai,Maharashtra,India,4
637,CUST-00637,Customer 00637,SMB,Healthcare,Bhubaneswar,Odisha,India,10
638,CUST-00638,Customer 00638,Mid-Market,Technology,Bengaluru,Karnataka,India,6
639,CUST-00639,Customer 00639,Enterprise,Financial Services,Ahmedabad,Gujarat,India,3
640,CUST-00640,Customer 00640,SMB,Telecommunications,Bhubaneswar,Odisha,India,10
641,CUST-00641,Customer 00641,Mid-Market,Healthcare,Chennai,Tamil Nadu,India,7
642,CUST-00642,Customer 00642,SMB,Manufacturing,Bengaluru,Karnataka,India,6
643,CUST-00643,Customer 00643,Consumer,Telecommunications,Jaipur,Rajasthan,India,5
644,CUST-00644,Customer 00644,Mid-Market,Healthcare,Kolkata,West Bengal,India,9
645,CUST-00645,Customer 00645,SMB,Manufacturing,Mumbai,Maharashtra,India,4
646,CUST-00646,Customer 00646,SMB,Manufacturing,Jaipur,Rajasthan,India,5
647,CUST-00647,Customer 00647,Mid-Market,Manufacturing,Jaipur,Rajasthan,India,5
648,CUST-00648,Customer 00648,Mid-Market,Healthcare,Bhopal,Madhya Pradesh,India,12
649,CUST-00649,Customer 00649,Mid-Market,Technology,Chennai,Tamil Nadu,India,7
650,CUST-00650,Customer 00650,Mid-Market,Education,Chennai,Tamil Nadu,India,7
651,CUST-00651,Customer 00651,SMB,Financial Services,Indore,Madhya Pradesh,India,11
652,CUST-00652,Customer 00652,Mid-Market,Education,Bhubaneswar,Odisha,India,10
653,CUST-00653,Customer 00653,Consumer,Education,Chennai,Tamil Nadu,India,7
654,CUST-00654,Customer 00654,SMB,Retail,Ahmedabad,Gujarat,India,3
655,CUST-00655,Customer 00655,Consumer,Technology,Bhopal,Madhya Pradesh,India,12
656,CUST-00656,Customer 00656,Consumer,Healthcare,Indore,Madhya Pradesh,India,11
657,CUST-00657,Customer 00657,Enterprise,Retail,Bhopal,Madhya Pradesh,India,12
658,CUST-00658,Customer 00658,SMB,Technology,Hyderabad,Telangana,India,8
659,CUST-00659,Customer 00659,Enterprise,Manufacturing,Indore,Madhya Pradesh,India,11
660,CUST-00660,Customer 00660,Consumer,Education,Jaipur,Rajasthan,India,5
661,CUST-00661,Customer 00661,SMB,Manufacturing,Ahmedabad,Gujarat,India,3
662,CUST-00662,Customer 00662,SMB,Technology,Bengaluru,Karnataka,India,6
663,CUST-00663,Customer 00663,Consumer,Healthcare,Bhopal,Madhya Pradesh,India,12
664,CUST-00664,Customer 00664,SMB,Healthcare,Bhopal,Madhya Pradesh,India,12
665,CUST-00665,Customer 00665,Mid-Market,Financial Services,Delhi,Delhi,India,1
666,CUST-00666,Customer 00666,SMB,Education,Bengaluru,Karnataka,India,6
667,CUST-00667,Customer 00667,Consumer,Manufacturing,Ahmedabad,Gujarat,India,3
668,CUST-00668,Customer 00668,Consumer,Telecommunications,Delhi,Delhi,India,1
669,CUST-00669,Customer 00669,SMB,Financial Services,Indore,Madhya Pradesh,India,11
670,CUST-00670,Customer 00670,Mid-Market,Telecommunications,Bhopal,Madhya Pradesh,India,12
671,CUST-00671,Customer 00671,Consumer,Technology,Chandigarh,Punjab,India,2
672,CUST-00672,Customer 00672,SMB,Manufacturing,Chennai,Tamil Nadu,India,7
673,CUST-00673,Customer 00673,SMB,Telecommunications,Hyderabad,Telangana,India,8
674,CUST-00674,Customer 00674,Mid-Market,Healthcare,Indore,Madhya Pradesh,India,11
675,CUST-00675,Customer 00675,Enterprise,Healthcare,Chandigarh,Punjab,India,2
676,CUST-00676,Customer 00676,Consumer,Education,Indore,Madhya Pradesh,India,11
677,CUST-00677,Customer 00677,Mid-Market,Financial Services,Delhi,Delhi,India,1
678,CUST-00678,Customer 00678,Enterprise,Telecommunications,Kolkata,West Bengal,India,9
679,CUST-00679,Customer 00679,SMB,Manufacturing,Bhopal,Madhya Pradesh,India,12
680,CUST-00680,Customer 00680,Mid-Market,Retail,Bengaluru,Karnataka,India,6
681,CUST-00681,Customer 00681,Mid-Market,Retail,Hyderabad,Telangana,India,8
682,CUST-00682,Customer 00682,Enterprise,Retail,Bhubaneswar,Odisha,India,10
683,CUST-00683,Customer 00683,SMB,Manufacturing,Chennai,Tamil Nadu,India,7
684,CUST-00684,Customer 00684,Enterprise,Financial Services,Bhopal,Madhya Pradesh,India,12
685,CUST-00685,Customer 00685,Mid-Market,Financial Services,Chennai,Tamil Nadu,India,7
686,CUST-00686,Customer 00686,Consumer,Technology,Ahmedabad,Gujarat,India,3
687,CUST-00687,Customer 00687,Consumer,Healthcare,Ahmedabad,Gujarat,India,3
688,CUST-00688,Customer 00688,Enterprise,Telecommunications,Jaipur,Rajasthan,India,5
689,CUST-00689,Customer 00689,Consumer,Retail,Chennai,Tamil Nadu,India,7
690,CUST-00690,Customer 00690,Mid-Market,Retail,Indore,Madhya Pradesh,India,11
691,CUST-00691,Customer 00691,Enterprise,Manufacturing,Chandigarh,Punjab,India,2
692,CUST-00692,Customer 00692,Consumer,Manufacturing,Ahmedabad,Gujarat,India,3
693,CUST-00693,Customer 00693,Enterprise,Telecommunications,Bengaluru,Karnataka,India,6
694,CUST-00694,Customer 00694,Mid-Market,Retail,Ahmedabad,Gujarat,India,3
695,CUST-00695,Customer 00695,Enterprise,Telecommunications,Chennai,Tamil Nadu,India,7
696,CUST-00696,Customer 00696,Consumer,Telecommunications,Mumbai,Maharashtra,India,4
697,CUST-00697,Customer 00697,Enterprise,Technology,Indore,Madhya Pradesh,India,11
698,CUST-00698,Customer 00698,Mid-Market,Education,Delhi,Delhi,India,1
699,CUST-00699,Customer 00699,Consumer,Manufacturing,Kolkata,West Bengal,India,9
700,CUST-00700,Customer 00700,Mid-Market,Manufacturing,Indore,Madhya Pradesh,India,11
701,CUST-00701,Customer 00701,Enterprise,Manufacturing,Bhubaneswar,Odisha,India,10
702,CUST-00702,Customer 00702,Mid-Market,Telecommunications,Ahmedabad,Gujarat,India,3
703,CUST-00703,Customer 00703,Mid-Market,Financial Services,Bhubaneswar,Odisha,India,10
704,CUST-00704,Customer 00704,Enterprise,Telecommunications,Ahmedabad,Gujarat,India,3
705,CUST-00705,Customer 00705,SMB,Telecommunications,Kolkata,West Bengal,India,9
706,CUST-00706,Customer 00706,Consumer,Education,Chennai,Tamil Nadu,India,7
707,CUST-00707,Customer 00707,Consumer,Education,Hyderabad,Telangana,India,8
708,CUST-00708,Customer 00708,SMB,Technology,Hyderabad,Telangana,India,8
709,CUST-00709,Customer 00709,SMB,Manufacturing,Mumbai,Maharashtra,India,4
710,CUST-00710,Customer 00710,Consumer,Telecommunications,Bhopal,Madhya Pradesh,India,12
711,CUST-00711,Customer 00711,SMB,Retail,Bengaluru,Karnataka,India,6
712,CUST-00712,Customer 00712,Mid-Market,Manufacturing,Bengaluru,Karnataka,India,6
713,CUST-00713,Customer 00713,Mid-Market,Healthcare,Mumbai,Maharashtra,India,4
714,CUST-00714,Customer 00714,Enterprise,Technology,Chandigarh,Punjab,India,2
715,CUST-00715,Customer 00715,Mid-Market,Education,Chennai,Tamil Nadu,India,7
716,CUST-00716,Customer 00716,SMB,Telecommunications,Ahmedabad,Gujarat,India,3
717,CUST-00717,Customer 00717,Mid-Market,Technology,Chandigarh,Punjab,India,2
718,CUST-00718,Customer 00718,Consumer,Financial Services,Indore,Madhya Pradesh,India,11
719,CUST-00719,Customer 00719,SMB,Financial Services,Bhubaneswar,Odisha,India,10
720,CUST-00720,Customer 00720,Consumer,Telecommunications,Hyderabad,Telangana,India,8
721,CUST-00721,Customer 00721,Enterprise,Financial Services,Delhi,Delhi,India,1
722,CUST-00722,Customer 00722,Enterprise,Financial Services,Jaipur,Rajasthan,India,5
723,CUST-00723,Customer 00723,SMB,Financial Services,Chandigarh,Punjab,India,2
724,CUST-00724,Customer 00724,SMB,Telecommunications,Jaipur,Rajasthan,India,5
725,CUST-00725,Customer 00725,Mid-Market,Retail,Hyderabad,Telangana,India,8
726,CUST-00726,Customer 00726,SMB,Education,Chennai,Tamil Nadu,India,7
727,CUST-00727,Customer 00727,Consumer,Telecommunications,Hyderabad,Telangana,India,8
728,CUST-00728,Customer 00728,Enterprise,Healthcare,Chandigarh,Punjab,India,2
729,CUST-00729,Customer 00729,Mid-Market,Financial Services,Bengaluru,Karnataka,India,6
730,CUST-00730,Customer 00730,Mid-Market,Telecommunications,Hyderabad,Telangana,India,8
731,CUST-00731,Customer 00731,SMB,Education,Mumbai,Maharashtra,India,4
732,CUST-00732,Customer 00732,Mid-Market,Financial Services,Bengaluru,Karnataka,India,6
733,CUST-00733,Customer 00733,SMB,Retail,Ahmedabad,Gujarat,India,3
734,CUST-00734,Customer 00734,Mid-Market,Manufacturing,Chandigarh,Punjab,India,2
735,CUST-00735,Customer 00735,Mid-Market,Education,Bhubaneswar,Odisha,India,10
736,CUST-00736,Customer 00736,Mid-Market,Telecommunications,Kolkata,West Bengal,India,9
737,CUST-00737,Customer 00737,SMB,Technology,Bhubaneswar,Odisha,India,10
738,CUST-00738,Customer 00738,SMB,Manufacturing,Chennai,Tamil Nadu,India,7
739,CUST-00739,Customer 00739,Consumer,Manufacturing,Bhopal,Madhya Pradesh,India,12
740,CUST-00740,Customer 00740,SMB,Manufacturing,Chandigarh,Punjab,India,2
741,CUST-00741,Customer 00741,Enterprise,Healthcare,Bhopal,Madhya Pradesh,India,12
742,CUST-00742,Customer 00742,Mid-Market,Retail,Kolkata,West Bengal,India,9
743,CUST-00743,Customer 00743,Enterprise,Retail,Kolkata,West Bengal,India,9
744,CUST-00744,Customer 00744,SMB,Telecommunications,Hyderabad,Telangana,India,8
745,CUST-00745,Customer 00745,SMB,Telecommunications,Bengaluru,Karnataka,India,6
746,CUST-00746,Customer 00746,Consumer,Technology,Kolkata,West Bengal,India,9
747,CUST-00747,Customer 00747,SMB,Retail,Kolkata,West Bengal,India,9
748,CUST-00748,Customer 00748,SMB,Healthcare,Indore,Madhya Pradesh,India,11
749,CUST-00749,Customer 00749,SMB,Education,Ahmedabad,Gujarat,India,3
750,CUST-00750,Customer 00750,SMB,Healthcare,Mumbai,Maharashtra,India,4
751,CUST-00751,Customer 00751,Consumer,Retail,Bhubaneswar,Odisha,India,10
752,CUST-00752,Customer 00752,Mid-Market,Healthcare,Kolkata,West Bengal,India,9
753,CUST-00753,Customer 00753,SMB,Education,Hyderabad,Telangana,India,8
754,CUST-00754,Customer 00754,SMB,Education,Delhi,Delhi,India,1
755,CUST-00755,Customer 00755,SMB,Financial Services,Chennai,Tamil Nadu,India,7
756,CUST-00756,Customer 00756,Mid-Market,Technology,Jaipur,Rajasthan,India,5
757,CUST-00757,Customer 00757,SMB,Retail,Jaipur,Rajasthan,India,5
758,CUST-00758,Customer 00758,Mid-Market,Telecommunications,Ahmedabad,Gujarat,India,3
759,CUST-00759,Customer 00759,Consumer,Technology,Chennai,Tamil Nadu,India,7
760,CUST-00760,Customer 00760,Mid-Market,Financial Services,Bhubaneswar,Odisha,India,10
761,CUST-00761,Customer 00761,SMB,Healthcare,Jaipur,Rajasthan,India,5
762,CUST-00762,Customer 00762,SMB,Telecommunications,Ahmedabad,Gujarat,India,3
763,CUST-00763,Customer 00763,Mid-Market,Retail,Ahmedabad,Gujarat,India,3
764,CUST-00764,Customer 00764,SMB,Healthcare,Bhubaneswar,Odisha,India,10
765,CUST-00765,Customer 00765,Mid-Market,Financial Services,Bhubaneswar,Odisha,India,10
766,CUST-00766,Customer 00766,Enterprise,Healthcare,Ahmedabad,Gujarat,India,3
767,CUST-00767,Customer 00767,SMB,Manufacturing,Kolkata,West Bengal,India,9
768,CUST-00768,Customer 00768,SMB,Technology,Chandigarh,Punjab,India,2
769,CUST-00769,Customer 00769,SMB,Education,Ahmedabad,Gujarat,India,3
770,CUST-00770,Customer 00770,Mid-Market,Education,Chandigarh,Punjab,India,2
771,CUST-00771,Customer 00771,Mid-Market,Education,Bengaluru,Karnataka,India,6
772,CUST-00772,Customer 00772,Mid-Market,Healthcare,Jaipur,Rajasthan,India,5
773,CUST-00773,Customer 00773,Mid-Market,Manufacturing,Ahmedabad,Gujarat,India,3
774,CUST-00774,Customer 00774,SMB,Financial Services,Kolkata,West Bengal,India,9
775,CUST-00775,Customer 00775,Mid-Market,Healthcare,Ahmedabad,Gujarat,India,3
776,CUST-00776,Customer 00776,Mid-Market,Technology,Jaipur,Rajasthan,India,5
777,CUST-00777,Customer 00777,Mid-Market,Healthcare,Kolkata,West Bengal,India,9
778,CUST-00778,Customer 00778,SMB,Financial Services,Indore,Madhya Pradesh,India,11
779,CUST-00779,Customer 00779,SMB,Telecommunications,Delhi,Delhi,India,1
780,CUST-00780,Customer 00780,Consumer,Retail,Hyderabad,Telangana,India,8
781,CUST-00781,Customer 00781,SMB,Telecommunications,Hyderabad,Telangana,India,8
782,CUST-00782,Customer 00782,Consumer,Telecommunications,Bengaluru,Karnataka,India,6
783,CUST-00783,Customer 00783,SMB,Education,Chennai,Tamil Nadu,India,7
784,CUST-00784,Customer 00784,Enterprise,Technology,Bhubaneswar,Odisha,India,10
785,CUST-00785,Customer 00785,SMB,Manufacturing,Chennai,Tamil Nadu,India,7
786,CUST-00786,Customer 00786,SMB,Healthcare,Bengaluru,Karnataka,India,6
787,CUST-00787,Customer 00787,Consumer,Manufacturing,Bhubaneswar,Odisha,India,10
788,CUST-00788,Customer 00788,Mid-Market,Technology,Bhopal,Madhya Pradesh,India,12
789,CUST-00789,Customer 00789,Consumer,Education,Ahmedabad,Gujarat,India,3
790,CUST-00790,Customer 00790,Consumer,Telecommunications,Bhubaneswar,Odisha,India,10
791,CUST-00791,Customer 00791,Mid-Market,Telecommunications,Chandigarh,Punjab,India,2
792,CUST-00792,Customer 00792,Mid-Market,Healthcare,Chandigarh,Punjab,India,2
793,CUST-00793,Customer 00793,Consumer,Retail,Bhubaneswar,Odisha,India,10
794,CUST-00794,Customer 00794,SMB,Healthcare,Bengaluru,Karnataka,India,6
795,CUST-00795,Customer 00795,Mid-Market,Healthcare,Hyderabad,Telangana,India,8
796,CUST-00796,Customer 00796,Enterprise,Financial Services,Ahmedabad,Gujarat,India,3
797,CUST-00797,Customer 00797,Mid-Market,Telecommunications,Hyderabad,Telangana,India,8
798,CUST-00798,Customer 00798,SMB,Education,Delhi,Delhi,India,1
799,CUST-00799,Customer 00799,Mid-Market,Financial Services,Kolkata,West Bengal,India,9
800,CUST-00800,Customer 00800,Mid-Market,Education,Ahmedabad,Gujarat,India,3
801,CUST-00801,Customer 00801,Enterprise,Telecommunications,Bhopal,Madhya Pradesh,India,12
802,CUST-00802,Customer 00802,Consumer,Retail,Mumbai,Maharashtra,India,4
803,CUST-00803,Customer 00803,Mid-Market,Financial Services,Bengaluru,Karnataka,India,6
804,CUST-00804,Customer 00804,Mid-Market,Telecommunications,Jaipur,Rajasthan,India,5
805,CUST-00805,Customer 00805,Mid-Market,Manufacturing,Delhi,Delhi,India,1
806,CUST-00806,Customer 00806,SMB,Financial Services,Kolkata,West Bengal,India,9
807,CUST-00807,Customer 00807,Mid-Market,Education,Hyderabad,Telangana,India,8
808,CUST-00808,Customer 00808,Mid-Market,Education,Kolkata,West Bengal,India,9
809,CUST-00809,Customer 00809,SMB,Technology,Kolkata,West Bengal,India,9
810,CUST-00810,Customer 00810,Enterprise,Telecommunications,Jaipur,Rajasthan,India,5
811,CUST-00811,Customer 00811,SMB,Financial Services,Ahmedabad,Gujarat,India,3
812,CUST-00812,Customer 00812,Enterprise,Education,Kolkata,West Bengal,India,9
813,CUST-00813,Customer 00813,SMB,Healthcare,Chandigarh,Punjab,India,2
814,CUST-00814,Customer 00814,Mid-Market,Healthcare,Chandigarh,Punjab,India,2
815,CUST-00815,Customer 00815,Mid-Market,Financial Services,Ahmedabad,Gujarat,India,3
816,CUST-00816,Customer 00816,Consumer,Manufacturing,Bengaluru,Karnataka,India,6
817,CUST-00817,Customer 00817,SMB,Retail,Chennai,Tamil Nadu,India,7
818,CUST-00818,Customer 00818,Mid-Market,Telecommunications,Chandigarh,Punjab,India,2
819,CUST-00819,Customer 00819,Consumer,Healthcare,Hyderabad,Telangana,India,8
820,CUST-00820,Customer 00820,SMB,Financial Services,Delhi,Delhi,India,1
821,CUST-00821,Customer 00821,Enterprise,Education,Chandigarh,Punjab,India,2
822,CUST-00822,Customer 00822,Mid-Market,Manufacturing,Jaipur,Rajasthan,India,5
823,CUST-00823,Customer 00823,SMB,Financial Services,Ahmedabad,Gujarat,India,3
824,CUST-00824,Customer 00824,SMB,Healthcare,Ahmedabad,Gujarat,India,3
825,CUST-00825,Customer 00825,Consumer,Telecommunications,Ahmedabad,Gujarat,India,3
826,CUST-00826,Customer 00826,Mid-Market,Financial Services,Hyderabad,Telangana,India,8
827,CUST-00827,Customer 00827,Enterprise,Financial Services,Chandigarh,Punjab,India,2
828,CUST-00828,Customer 00828,Mid-Market,Telecommunications,Delhi,Delhi,India,1
829,CUST-00829,Customer 00829,Consumer,Financial Services,Bhopal,Madhya Pradesh,India,12
830,CUST-00830,Customer 00830,Enterprise,Healthcare,Hyderabad,Telangana,India,8
831,CUST-00831,Customer 00831,SMB,Financial Services,Chandigarh,Punjab,India,2
832,CUST-00832,Customer 00832,Mid-Market,Education,Bengaluru,Karnataka,India,6
833,CUST-00833,Customer 00833,Consumer,Telecommunications,Jaipur,Rajasthan,India,5
834,CUST-00834,Customer 00834,Mid-Market,Education,Ahmedabad,Gujarat,India,3
835,CUST-00835,Customer 00835,Consumer,Technology,Chennai,Tamil Nadu,India,7
836,CUST-00836,Customer 00836,SMB,Healthcare,Chennai,Tamil Nadu,India,7
837,CUST-00837,Customer 00837,Enterprise,Education,Chennai,Tamil Nadu,India,7
838,CUST-00838,Customer 00838,Consumer,Education,Chandigarh,Punjab,India,2
839,CUST-00839,Customer 00839,Mid-Market,Education,Chandigarh,Punjab,India,2
840,CUST-00840,Customer 00840,SMB,Telecommunications,Delhi,Delhi,India,1
841,CUST-00841,Customer 00841,Consumer,Education,Bhopal,Madhya Pradesh,India,12
842,CUST-00842,Customer 00842,Mid-Market,Education,Chandigarh,Punjab,India,2
843,CUST-00843,Customer 00843,Mid-Market,Technology,Bengaluru,Karnataka,India,6
844,CUST-00844,Customer 00844,SMB,Manufacturing,Mumbai,Maharashtra,India,4
845,CUST-00845,Customer 00845,Mid-Market,Retail,Chennai,Tamil Nadu,India,7
846,CUST-00846,Customer 00846,Consumer,Education,Bhubaneswar,Odisha,India,10
847,CUST-00847,Customer 00847,SMB,Financial Services,Bhubaneswar,Odisha,India,10
848,CUST-00848,Customer 00848,SMB,Retail,Mumbai,Maharashtra,India,4
849,CUST-00849,Customer 00849,SMB,Financial Services,Bhubaneswar,Odisha,India,10
850,CUST-00850,Customer 00850,SMB,Telecommunications,Bengaluru,Karnataka,India,6
851,CUST-00851,Customer 00851,Consumer,Telecommunications,Bhubaneswar,Odisha,India,10
852,CUST-00852,Customer 00852,SMB,Healthcare,Jaipur,Rajasthan,India,5
853,CUST-00853,Customer 00853,Consumer,Manufacturing,Hyderabad,Telangana,India,8
854,CUST-00854,Customer 00854,Mid-Market,Technology,Ahmedabad,Gujarat,India,3
855,CUST-00855,Customer 00855,Mid-Market,Telecommunications,Hyderabad,Telangana,India,8
856,CUST-00856,Customer 00856,Mid-Market,Education,Chennai,Tamil Nadu,India,7
857,CUST-00857,Customer 00857,Consumer,Telecommunications,Hyderabad,Telangana,India,8
858,CUST-00858,Customer 00858,SMB,Healthcare,Bhubaneswar,Odisha,India,10
859,CUST-00859,Customer 00859,SMB,Healthcare,Ahmedabad,Gujarat,India,3
860,CUST-00860,Customer 00860,Consumer,Retail,Mumbai,Maharashtra,India,4
861,CUST-00861,Customer 00861,Mid-Market,Technology,Bhopal,Madhya Pradesh,India,12
862,CUST-00862,Customer 00862,SMB,Retail,Bhopal,Madhya Pradesh,India,12
863,CUST-00863,Customer 00863,Enterprise,Manufacturing,Hyderabad,Telangana,India,8
864,CUST-00864,Customer 00864,Consumer,Healthcare,Bengaluru,Karnataka,India,6
865,CUST-00865,Customer 00865,Mid-Market,Technology,Bhubaneswar,Odisha,India,10
866,CUST-00866,Customer 00866,Enterprise,Telecommunications,Jaipur,Rajasthan,India,5
867,CUST-00867,Customer 00867,Mid-Market,Education,Jaipur,Rajasthan,India,5
868,CUST-00868,Customer 00868,SMB,Telecommunications,Chennai,Tamil Nadu,India,7
869,CUST-00869,Customer 00869,Mid-Market,Telecommunications,Kolkata,West Bengal,India,9
870,CUST-00870,Customer 00870,SMB,Manufacturing,Chennai,Tamil Nadu,India,7
871,CUST-00871,Customer 00871,Mid-Market,Financial Services,Bhubaneswar,Odisha,India,10
872,CUST-00872,Customer 00872,Consumer,Technology,Jaipur,Rajasthan,India,5
873,CUST-00873,Customer 00873,SMB,Retail,Bengaluru,Karnataka,India,6
874,CUST-00874,Customer 00874,SMB,Education,Jaipur,Rajasthan,India,5
875,CUST-00875,Customer 00875,Mid-Market,Manufacturing,Chandigarh,Punjab,India,2
876,CUST-00876,Customer 00876,Mid-Market,Retail,Delhi,Delhi,India,1
877,CUST-00877,Customer 00877,Consumer,Telecommunications,Delhi,Delhi,India,1
878,CUST-00878,Customer 00878,SMB,Healthcare,Delhi,Delhi,India,1
879,CUST-00879,Customer 00879,Consumer,Technology,Chandigarh,Punjab,India,2
880,CUST-00880,Customer 00880,Consumer,Telecommunications,Ahmedabad,Gujarat,India,3
881,CUST-00881,Customer 00881,Mid-Market,Healthcare,Bhubaneswar,Odisha,India,10
882,CUST-00882,Customer 00882,Enterprise,Financial Services,Mumbai,Maharashtra,India,4
883,CUST-00883,Customer 00883,Enterprise,Technology,Ahmedabad,Gujarat,India,3
884,CUST-00884,Customer 00884,Enterprise,Telecommunications,Delhi,Delhi,India,1
885,CUST-00885,Customer 00885,Consumer,Technology,Delhi,Delhi,India,1
886,CUST-00886,Customer 00886,SMB,Retail,Kolkata,West Bengal,India,9
887,CUST-00887,Customer 00887,Consumer,Retail,Delhi,Delhi,India,1
888,CUST-00888,Customer 00888,SMB,Retail,Mumbai,Maharashtra,India,4
889,CUST-00889,Customer 00889,Mid-Market,Retail,Bhopal,Madhya Pradesh,India,12
890,CUST-00890,Customer 00890,SMB,Healthcare,Kolkata,West Bengal,India,9
891,CUST-00891,Customer 00891,SMB,Financial Services,Delhi,Delhi,India,1
892,CUST-00892,Customer 00892,Mid-Market,Financial Services,Bhubaneswar,Odisha,India,10
893,CUST-00893,Customer 00893,Consumer,Financial Services,Bhubaneswar,Odisha,India,10
894,CUST-00894,Customer 00894,SMB,Healthcare,Kolkata,West Bengal,India,9
895,CUST-00895,Customer 00895,Enterprise,Education,Hyderabad,Telangana,India,8
896,CUST-00896,Customer 00896,Mid-Market,Education,Indore,Madhya Pradesh,India,11
897,CUST-00897,Customer 00897,SMB,Financial Services,Bhubaneswar,Odisha,India,10
898,CUST-00898,Customer 00898,Mid-Market,Telecommunications,Hyderabad,Telangana,India,8
899,CUST-00899,Customer 00899,Mid-Market,Manufacturing,Bhopal,Madhya Pradesh,India,12
900,CUST-00900,Customer 00900,SMB,Manufacturing,Jaipur,Rajasthan,India,5
901,CUST-00901,Customer 00901,SMB,Retail,Bengaluru,Karnataka,India,6
902,CUST-00902,Customer 00902,SMB,Technology,Bhopal,Madhya Pradesh,India,12
903,CUST-00903,Customer 00903,SMB,Retail,Hyderabad,Telangana,India,8
904,CUST-00904,Customer 00904,Mid-Market,Technology,Hyderabad,Telangana,India,8
905,CUST-00905,Customer 00905,Enterprise,Healthcare,Delhi,Delhi,India,1
906,CUST-00906,Customer 00906,Mid-Market,Financial Services,Bhopal,Madhya Pradesh,India,12
907,CUST-00907,Customer 00907,Mid-Market,Education,Bhubaneswar,Odisha,India,10
908,CUST-00908,Customer 00908,SMB,Education,Indore,Madhya Pradesh,India,11
909,CUST-00909,Customer 00909,SMB,Education,Delhi,Delhi,India,1
910,CUST-00910,Customer 00910,SMB,Manufacturing,Chennai,Tamil Nadu,India,7
911,CUST-00911,Customer 00911,SMB,Telecommunications,Kolkata,West Bengal,India,9
912,CUST-00912,Customer 00912,SMB,Manufacturing,Bhopal,Madhya Pradesh,India,12
913,CUST-00913,Customer 00913,Enterprise,Education,Bhopal,Madhya Pradesh,India,12
914,CUST-00914,Customer 00914,SMB,Manufacturing,Jaipur,Rajasthan,India,5
915,CUST-00915,Customer 00915,SMB,Telecommunications,Chennai,Tamil Nadu,India,7
916,CUST-00916,Customer 00916,Consumer,Manufacturing,Chennai,Tamil Nadu,India,7
917,CUST-00917,Customer 00917,Mid-Market,Manufacturing,Chennai,Tamil Nadu,India,7
918,CUST-00918,Customer 00918,Enterprise,Financial Services,Bengaluru,Karnataka,India,6
919,CUST-00919,Customer 00919,Mid-Market,Technology,Hyderabad,Telangana,India,8
920,CUST-00920,Customer 00920,SMB,Education,Jaipur,Rajasthan,India,5
921,CUST-00921,Customer 00921,SMB,Technology,Kolkata,West Bengal,India,9
922,CUST-00922,Customer 00922,Consumer,Financial Services,Bhopal,Madhya Pradesh,India,12
923,CUST-00923,Customer 00923,SMB,Financial Services,Bhopal,Madhya Pradesh,India,12
924,CUST-00924,Customer 00924,SMB,Healthcare,Ahmedabad,Gujarat,India,3
925,CUST-00925,Customer 00925,SMB,Healthcare,Mumbai,Maharashtra,India,4
926,CUST-00926,Customer 00926,Consumer,Financial Services,Chandigarh,Punjab,India,2
927,CUST-00927,Customer 00927,SMB,Manufacturing,Bhopal,Madhya Pradesh,India,12
928,CUST-00928,Customer 00928,Consumer,Education,Bengaluru,Karnataka,India,6
929,CUST-00929,Customer 00929,Mid-Market,Financial Services,Bhubaneswar,Odisha,India,10
930,CUST-00930,Customer 00930,Mid-Market,Financial Services,Jaipur,Rajasthan,India,5
931,CUST-00931,Customer 00931,Consumer,Retail,Hyderabad,Telangana,India,8
932,CUST-00932,Customer 00932,SMB,Telecommunications,Delhi,Delhi,India,1
933,CUST-00933,Customer 00933,Consumer,Retail,Jaipur,Rajasthan,India,5
934,CUST-00934,Customer 00934,Mid-Market,Telecommunications,Jaipur,Rajasthan,India,5
935,CUST-00935,Customer 00935,Consumer,Manufacturing,Jaipur,Rajasthan,India,5
936,CUST-00936,Customer 00936,Mid-Market,Healthcare,Ahmedabad,Gujarat,India,3
937,CUST-00937,Customer 00937,Consumer,Telecommunications,Ahmedabad,Gujarat,India,3
938,CUST-00938,Customer 00938,SMB,Telecommunications,Bhopal,Madhya Pradesh,India,12
939,CUST-00939,Customer 00939,Mid-Market,Financial Services,Bhopal,Madhya Pradesh,India,12
940,CUST-00940,Customer 00940,SMB,Manufacturing,Hyderabad,Telangana,India,8
941,CUST-00941,Customer 00941,SMB,Manufacturing,Ahmedabad,Gujarat,India,3
942,CUST-00942,Customer 00942,SMB,Healthcare,Jaipur,Rajasthan,India,5
943,CUST-00943,Customer 00943,Mid-Market,Healthcare,Bhubaneswar,Odisha,India,10
944,CUST-00944,Customer 00944,Mid-Market,Technology,Chennai,Tamil Nadu,India,7
945,CUST-00945,Customer 00945,Mid-Market,Education,Chennai,Tamil Nadu,India,7
946,CUST-00946,Customer 00946,SMB,Financial Services,Delhi,Delhi,India,1
947,CUST-00947,Customer 00947,Enterprise,Manufacturing,Bhopal,Madhya Pradesh,India,12
948,CUST-00948,Customer 00948,Mid-Market,Healthcare,Bhopal,Madhya Pradesh,India,12
949,CUST-00949,Customer 00949,Mid-Market,Retail,Mumbai,Maharashtra,India,4
950,CUST-00950,Customer 00950,Enterprise,Technology,Kolkata,West Bengal,India,9
951,CUST-00951,Customer 00951,Enterprise,Retail,Bhopal,Madhya Pradesh,India,12
952,CUST-00952,Customer 00952,Mid-Market,Education,Delhi,Delhi,India,1
953,CUST-00953,Customer 00953,Mid-Market,Retail,Chennai,Tamil Nadu,India,7
954,CUST-00954,Customer 00954,Enterprise,Manufacturing,Kolkata,West Bengal,India,9
955,CUST-00955,Customer 00955,Consumer,Education,Bengaluru,Karnataka,India,6
956,CUST-00956,Customer 00956,Mid-Market,Technology,Chandigarh,Punjab,India,2
957,CUST-00957,Customer 00957,SMB,Telecommunications,Hyderabad,Telangana,India,8
958,CUST-00958,Customer 00958,Mid-Market,Financial Services,Kolkata,West Bengal,India,9
959,CUST-00959,Customer 00959,SMB,Retail,Bhubaneswar,Odisha,India,10
960,CUST-00960,Customer 00960,Consumer,Retail,Ahmedabad,Gujarat,India,3
961,CUST-00961,Customer 00961,Mid-Market,Manufacturing,Indore,Madhya Pradesh,India,11
962,CUST-00962,Customer 00962,Mid-Market,Manufacturing,Bhopal,Madhya Pradesh,India,12
963,CUST-00963,Customer 00963,Enterprise,Financial Services,Kolkata,West Bengal,India,9
964,CUST-00964,Customer 00964,SMB,Healthcare,Chandigarh,Punjab,India,2
965,CUST-00965,Customer 00965,Mid-Market,Technology,Jaipur,Rajasthan,India,5
966,CUST-00966,Customer 00966,SMB,Retail,Chennai,Tamil Nadu,India,7
967,CUST-00967,Customer 00967,Consumer,Education,Hyderabad,Telangana,India,8
968,CUST-00968,Customer 00968,Enterprise,Retail,Ahmedabad,Gujarat,India,3
969,CUST-00969,Customer 00969,SMB,Manufacturing,Indore,Madhya Pradesh,India,11
970,CUST-00970,Customer 00970,Enterprise,Financial Services,Kolkata,West Bengal,India,9
971,CUST-00971,Customer 00971,SMB,Financial Services,Indore,Madhya Pradesh,India,11
972,CUST-00972,Customer 00972,Mid-Market,Healthcare,Chandigarh,Punjab,India,2
973,CUST-00973,Customer 00973,Consumer,Education,Chandigarh,Punjab,India,2
974,CUST-00974,Customer 00974,Consumer,Financial Services,Bengaluru,Karnataka,India,6
975,CUST-00975,Customer 00975,Consumer,Technology,Chennai,Tamil Nadu,India,7
976,CUST-00976,Customer 00976,Enterprise,Telecommunications,Chennai,Tamil Nadu,India,7
977,CUST-00977,Customer 00977,Consumer,Education,Indore,Madhya Pradesh,India,11
978,CUST-00978,Customer 00978,Consumer,Telecommunications,Ahmedabad,Gujarat,India,3
979,CUST-00979,Customer 00979,Enterprise,Manufacturing,Ahmedabad,Gujarat,India,3
980,CUST-00980,Customer 00980,SMB,Education,Delhi,Delhi,India,1
981,CUST-00981,Customer 00981,Mid-Market,Retail,Bhopal,Madhya Pradesh,India,12
982,CUST-00982,Customer 00982,Mid-Market,Retail,Hyderabad,Telangana,India,8
983,CUST-00983,Customer 00983,Enterprise,Education,Hyderabad,Telangana,India,8
984,CUST-00984,Customer 00984,Consumer,Education,Kolkata,West Bengal,India,9
985,CUST-00985,Customer 00985,SMB,Manufacturing,Chennai,Tamil Nadu,India,7
986,CUST-00986,Customer 00986,Consumer,Healthcare,Chennai,Tamil Nadu,India,7
987,CUST-00987,Customer 00987,Mid-Market,Education,Chandigarh,Punjab,India,2
988,CUST-00988,Customer 00988,Mid-Market,Financial Services,Bhopal,Madhya Pradesh,India,12
989,CUST-00989,Customer 00989,Consumer,Manufacturing,Kolkata,West Bengal,India,9
990,CUST-00990,Customer 00990,Mid-Market,Education,Chennai,Tamil Nadu,India,7
991,CUST-00991,Customer 00991,Mid-Market,Telecommunications,Bhopal,Madhya Pradesh,India,12
992,CUST-00992,Customer 00992,Mid-Market,Education,Ahmedabad,Gujarat,India,3
993,CUST-00993,Customer 00993,Consumer,Retail,Hyderabad,Telangana,India,8
994,CUST-00994,Customer 00994,SMB,Financial Services,Chandigarh,Punjab,India,2
995,CUST-00995,Customer 00995,Mid-Market,Telecommunications,Hyderabad,Telangana,India,8
996,CUST-00996,Customer 00996,SMB,Technology,Bengaluru,Karnataka,India,6
997,CUST-00997,Customer 00997,Enterprise,Healthcare,Indore,Madhya Pradesh,India,11
998,CUST-00998,Customer 00998,SMB,Manufacturing,Jaipur,Rajasthan,India,5
999,CUST-00999,Customer 00999,Mid-Market,Financial Services,Chandigarh,Punjab,India,2
1000,CUST-01000,Customer 01000,SMB,Education,Delhi,Delhi,India,1
