target_key,date_key,location_key,department_key,target_type,target_amount
1,20240101,1,1,Revenue,1333315.34
2,20240101,1,2,Revenue,928093.16
3,20240101,1,3,Revenue,1913771.84
4,20240101,1,4,Revenue,1261351.77
5,20240101,1,5,Revenue,949892.14
6,20240101,1,6,Revenue,656262.77
7,20240101,2,1,Revenue,1480727.43
8,20240101,2,2,Revenue,802218.25
9,20240101,2,3,Revenue,1336458.78
10,20240101,2,4,Revenue,1574708.02
11,20240101,2,5,Revenue,1612958.04
12,20240101,2,6,Revenue,590939.48
13,20240101,3,1,Revenue,2427017.0
14,20240101,3,2,Revenue,540025.71
15,20240101,3,3,Revenue,2003848.57
16,20240101,3,4,Revenue,856023.0
17,20240101,3,5,Revenue,1923209.24
18,20240101,3,6,Revenue,647057.9
19,20240101,4,1,Revenue,2070946.68
20,20240101,4,2,Revenue,703806.4
21,20240101,4,3,Revenue,2248684.41
22,20240101,4,4,Revenue,2145222.51
23,20240101,4,5,Revenue,1688552.24
24,20240101,4,6,Revenue,1946173.71
25,20240101,5,1,Revenue,2202962.92
26,20240101,5,2,Revenue,1376848.82
27,20240101,5,3,Revenue,1198768.17
28,20240101,5,4,Revenue,1660680.37
29,20240101,5,5,Revenue,1489934.66
30,20240101,5,6,Revenue,941293.37
31,20240101,6,1,Revenue,1736520.4
32,20240101,6,2,Revenue,998135.89
33,20240101,6,3,Revenue,1675572.46
34,20240101,6,4,Revenue,829929.09
35,20240101,6,5,Revenue,2057635.19
36,20240101,6,6,Revenue,1516800.74
37,20240101,7,1,Revenue,1978968.09
38,20240101,7,2,Revenue,2066762.46
39,20240101,7,3,Revenue,1005583.73
40,20240101,7,4,Revenue,2388316.08
41,20240101,7,5,Revenue,2179484.69
42,20240101,7,6,Revenue,544151.09
43,20240101,8,1,Revenue,1167249.68
44,20240101,8,2,Revenue,1379704.46
45,20240101,8,3,Revenue,789323.06
46,20240101,8,4,Revenue,1681532.72
47,20240101,8,5,Revenue,1744881.82
48,20240101,8,6,Revenue,1623345.48
49,20240101,9,1,Revenue,1321475.05
50,20240101,9,2,Revenue,932902.58
51,20240101,9,3,Revenue,2474619.12
52,20240101,9,4,Revenue,510567.64
53,20240101,9,5,Revenue,1222654.25
54,20240101,9,6,Revenue,2141396.23
55,20240101,10,1,Revenue,1034041.7
56,20240101,10,2,Revenue,2016007.08
57,20240101,10,3,Revenue,1011396.52
58,20240101,10,4,Revenue,2116051.4
59,20240101,10,5,Revenue,1156390.76
60,20240101,10,6,Revenue,2074503.77
61,20240101,11,1,Revenue,2197368.81
62,20240101,11,2,Revenue,1711054.5
63,20240101,11,3,Revenue,991137.95
64,20240101,11,4,Revenue,1377229.77
65,20240101,11,5,Revenue,942675.61
66,20240101,11,6,Revenue,649287.3
67,20240101,12,1,Revenue,1822380.22
68,20240101,12,2,Revenue,1352547.24
69,20240101,12,3,Revenue,2211403.38
70,20240101,12,4,Revenue,1470619.65
71,20240101,12,5,Revenue,2240391.9
72,20240101,12,6,Revenue,625827.94
73,20240201,1,1,Revenue,1944527.03
74,20240201,1,2,Revenue,1728214.93
75,20240201,1,3,Revenue,1803866.93
76,20240201,1,4,Revenue,805360.73
77,20240201,1,5,Revenue,2271432.14
78,20240201,1,6,Revenue,1378182.13
79,20240201,2,1,Revenue,1692842.23
80,20240201,2,2,Revenue,2063641.76
81,20240201,2,3,Revenue,1933016.91
82,20240201,2,4,Revenue,1649680.56
83,20240201,2,5,Revenue,1781024.47
84,20240201,2,6,Revenue,1633506.77
85,20240201,3,1,Revenue,1957279.02
86,20240201,3,2,Revenue,2109455.17
87,20240201,3,3,Revenue,746778.13
88,20240201,3,4,Revenue,2410961.49
89,20240201,3,5,Revenue,2081577.64
90,20240201,3,6,Revenue,1008817.49
91,20240201,4,1,Revenue,880019.11
92,20240201,4,2,Revenue,919280.94
93,20240201,4,3,Revenue,1991417.59
94,20240201,4,4,Revenue,1707425.96
95,20240201,4,5,Revenue,2213391.72
96,20240201,4,6,Revenue,1173514.81
97,20240201,5,1,Revenue,1697424.68
98,20240201,5,2,Revenue,561356.78
99,20240201,5,3,Revenue,1883986.01
100,20240201,5,4,Revenue,974416.47
101,20240201,5,5,Revenue,1923379.19
102,20240201,5,6,Revenue,1339425.24
103,20240201,6,1,Revenue,2217373.23
104,20240201,6,2,Revenue,1297607.98
105,20240201,6,3,Revenue,1673371.38
106,20240201,6,4,Revenue,908178.48
107,20240201,6,5,Revenue,1231193.99
108,20240201,6,6,Revenue,910750.27
109,20240201,7,1,Revenue,897162.87
110,20240201,7,2,Revenue,670331.24
111,20240201,7,3,Revenue,1335041.16
112,20240201,7,4,Revenue,1112673.09
113,20240201,7,5,Revenue,2051163.14
114,20240201,7,6,Revenue,2094683.16
115,20240201,8,1,Revenue,1782859.22
116,20240201,8,2,Revenue,964308.44
117,20240201,8,3,Revenue,2267622.84
118,20240201,8,4,Revenue,641042.49
119,20240201,8,5,Revenue,1490330.73
120,20240201,8,6,Revenue,2253883.46
121,20240201,9,1,Revenue,979388.07
122,20240201,9,2,Revenue,735660.36
123,20240201,9,3,Revenue,1848076.5
124,20240201,9,4,Revenue,1649351.41
125,20240201,9,5,Revenue,2263586.44
126,20240201,9,6,Revenue,1090565.79
127,20240201,10,1,Revenue,664440.29
128,20240201,10,2,Revenue,1733601.14
129,20240201,10,3,Revenue,1473130.98
130,20240201,10,4,Revenue,1306698.89
131,20240201,10,5,Revenue,1158188.12
132,20240201,10,6,Revenue,1616582.11
133,20240201,11,1,Revenue,1088896.66
134,20240201,11,2,Revenue,1004437.0
135,20240201,11,3,Revenue,1996753.29
136,20240201,11,4,Revenue,1732007.46
137,20240201,11,5,Revenue,823206.92
138,20240201,11,6,Revenue,1625706.26
139,20240201,12,1,Revenue,1269330.14
140,20240201,12,2,Revenue,727071.89
141,20240201,12,3,Revenue,2442572.64
142,20240201,12,4,Revenue,1046568.91
143,20240201,12,5,Revenue,2283245.35
144,20240201,12,6,Revenue,1017722.5
145,20240301,1,1,Revenue,629258.6
146,20240301,1,2,Revenue,2320205.92
147,20240301,1,3,Revenue,2199124.72
148,20240301,1,4,Revenue,2435118.55
149,20240301,1,5,Revenue,746332.6
150,20240301,1,6,Revenue,2183521.67
151,20240301,2,1,Revenue,1814197.07
152,20240301,2,2,Revenue,1702867.19
153,20240301,2,3,Revenue,997599.82
154,20240301,2,4,Revenue,1584048.2
155,20240301,2,5,Revenue,2373920.2
156,20240301,2,6,Revenue,977803.58
157,20240301,3,1,Revenue,1448319.43
158,20240301,3,2,Revenue,1413597.51
159,20240301,3,3,Revenue,747671.18
160,20240301,3,4,Revenue,2104542.47
161,20240301,3,5,Revenue,506350.1
162,20240301,3,6,Revenue,1613929.08
163,20240301,4,1,Revenue,1650093.13
164,20240301,4,2,Revenue,2454978.19
165,20240301,4,3,Revenue,2241241.78
166,20240301,4,4,Revenue,1946814.5
167,20240301,4,5,Revenue,2015993.2
168,20240301,4,6,Revenue,635077.3
169,20240301,5,1,Revenue,2172968.9
170,20240301,5,2,Revenue,1292713.28
171,20240301,5,3,Revenue,1708422.54
172,20240301,5,4,Revenue,2494017.34
173,20240301,5,5,Revenue,860570.68
174,20240301,5,6,Revenue,866504.66
175,20240301,6,1,Revenue,1128774.14
176,20240301,6,2,Revenue,1120383.75
177,20240301,6,3,Revenue,670189.35
178,20240301,6,4,Revenue,929826.75
179,20240301,6,5,Revenue,2425476.72
180,20240301,6,6,Revenue,957457.36
181,20240301,7,1,Revenue,2350623.78
182,20240301,7,2,Revenue,1915238.42
183,20240301,7,3,Revenue,1530709.23
184,20240301,7,4,Revenue,2311842.44
185,20240301,7,5,Revenue,1486284.86
186,20240301,7,6,Revenue,1189140.06
187,20240301,8,1,Revenue,2071801.73
188,20240301,8,2,Revenue,1994552.46
189,20240301,8,3,Revenue,1560458.51
190,20240301,8,4,Revenue,707365.07
191,20240301,8,5,Revenue,970241.25
192,20240301,8,6,Revenue,801887.99
193,20240301,9,1,Revenue,683993.87
194,20240301,9,2,Revenue,1077796.6
195,20240301,9,3,Revenue,2295393.54
196,20240301,9,4,Revenue,534273.55
197,20240301,9,5,Revenue,2338427.47
198,20240301,9,6,Revenue,1014800.23
199,20240301,10,1,Revenue,885554.12
200,20240301,10,2,Revenue,2099906.12
201,20240301,10,3,Revenue,1525979.9
202,20240301,10,4,Revenue,2399294.59
203,20240301,10,5,Revenue,1715653.98
204,20240301,10,6,Revenue,563859.53
205,20240301,11,1,Revenue,1977910.55
206,20240301,11,2,Revenue,2020853.66
207,20240301,11,3,Revenue,1580851.51
208,20240301,11,4,Revenue,1679395.88
209,20240301,11,5,Revenue,1009663.09
210,20240301,11,6,Revenue,1935606.95
211,20240301,12,1,Revenue,1306515.41
212,20240301,12,2,Revenue,2465243.32
213,20240301,12,3,Revenue,1649375.24
214,20240301,12,4,Revenue,755048.79
215,20240301,12,5,Revenue,698195.74
216,20240301,12,6,Revenue,782150.66
217,20240401,1,1,Revenue,1412503.61
218,20240401,1,2,Revenue,1061607.11
219,20240401,1,3,Revenue,1977732.62
220,20240401,1,4,Revenue,1858862.93
221,20240401,1,5,Revenue,1010841.52
222,20240401,1,6,Revenue,2044916.48
223,20240401,2,1,Revenue,1989396.51
224,20240401,2,2,Revenue,1259147.94
225,20240401,2,3,Revenue,619273.75
226,20240401,2,4,Revenue,1799300.19
227,20240401,2,5,Revenue,1809322.01
228,20240401,2,6,Revenue,884395.59
229,20240401,3,1,Revenue,1696942.38
230,20240401,3,2,Revenue,1982154.29
231,20240401,3,3,Revenue,1843892.16
232,20240401,3,4,Revenue,868399.41
233,20240401,3,5,Revenue,812337.85
234,20240401,3,6,Revenue,2178630.78
235,20240401,4,1,Revenue,679262.57
236,20240401,4,2,Revenue,689373.75
237,20240401,4,3,Revenue,2269791.72
238,20240401,4,4,Revenue,840985.39
239,20240401,4,5,Revenue,573966.47
240,20240401,4,6,Revenue,1241470.18
241,20240401,5,1,Revenue,1057519.55
242,20240401,5,2,Revenue,2159315.95
243,20240401,5,3,Revenue,1992814.48
244,20240401,5,4,Revenue,1794767.67
245,20240401,5,5,Revenue,1775052.54
246,20240401,5,6,Revenue,892957.73
247,20240401,6,1,Revenue,2366081.1
248,20240401,6,2,Revenue,759386.87
249,20240401,6,3,Revenue,1614645.27
250,20240401,6,4,Revenue,541580.13
251,20240401,6,5,Revenue,874804.56
252,20240401,6,6,Revenue,1106757.02
253,20240401,7,1,Revenue,2324606.73
254,20240401,7,2,Revenue,2113248.67
255,20240401,7,3,Revenue,1780295.38
256,20240401,7,4,Revenue,1111285.15
257,20240401,7,5,Revenue,1580628.4
258,20240401,7,6,Revenue,1834711.94
259,20240401,8,1,Revenue,940715.76
260,20240401,8,2,Revenue,1567672.92
261,20240401,8,3,Revenue,1584125.05
262,20240401,8,4,Revenue,675665.28
263,20240401,8,5,Revenue,2428287.92
264,20240401,8,6,Revenue,507761.18
265,20240401,9,1,Revenue,1295465.54
266,20240401,9,2,Revenue,1695443.97
267,20240401,9,3,Revenue,2422392.4
268,20240401,9,4,Revenue,2017585.07
269,20240401,9,5,Revenue,2320621.35
270,20240401,9,6,Revenue,1494958.45
271,20240401,10,1,Revenue,2131813.19
272,20240401,10,2,Revenue,2358486.16
273,20240401,10,3,Revenue,1712839.87
274,20240401,10,4,Revenue,1726709.74
275,20240401,10,5,Revenue,1380965.95
276,20240401,10,6,Revenue,1877353.69
277,20240401,11,1,Revenue,1743829.95
278,20240401,11,2,Revenue,1631517.51
279,20240401,11,3,Revenue,1816590.02
280,20240401,11,4,Revenue,820724.47
281,20240401,11,5,Revenue,2411719.37
282,20240401,11,6,Revenue,2009232.85
283,20240401,12,1,Revenue,1720760.96
284,20240401,12,2,Revenue,1803513.14
285,20240401,12,3,Revenue,1940625.49
286,20240401,12,4,Revenue,2489259.59
287,20240401,12,5,Revenue,1140200.26
288,20240401,12,6,Revenue,936437.77
289,20240501,1,1,Revenue,1452745.7
290,20240501,1,2,Revenue,2179604.03
291,20240501,1,3,Revenue,1448828.75
292,20240501,1,4,Revenue,2233056.79
293,20240501,1,5,Revenue,1809172.14
294,20240501,1,6,Revenue,1047021.24
295,20240501,2,1,Revenue,903960.39
296,20240501,2,2,Revenue,2005271.31
297,20240501,2,3,Revenue,2252080.16
298,20240501,2,4,Revenue,1449281.38
299,20240501,2,5,Revenue,1166051.33
300,20240501,2,6,Revenue,1335370.84
301,20240501,3,1,Revenue,2145376.55
302,20240501,3,2,Revenue,1543422.14
303,20240501,3,3,Revenue,1684467.98
304,20240501,3,4,Revenue,2041861.37
305,20240501,3,5,Revenue,1320979.84
306,20240501,3,6,Revenue,527626.46
307,20240501,4,1,Revenue,2215846.93
308,20240501,4,2,Revenue,2489888.41
309,20240501,4,3,Revenue,2298842.92
310,20240501,4,4,Revenue,867816.11
311,20240501,4,5,Revenue,1705174.89
312,20240501,4,6,Revenue,2024546.68
313,20240501,5,1,Revenue,1484950.16
314,20240501,5,2,Revenue,1363384.46
315,20240501,5,3,Revenue,2382114.23
316,20240501,5,4,Revenue,1191854.66
317,20240501,5,5,Revenue,1131166.68
318,20240501,5,6,Revenue,1064247.42
319,20240501,6,1,Revenue,679676.13
320,20240501,6,2,Revenue,2351612.45
321,20240501,6,3,Revenue,1431003.9
322,20240501,6,4,Revenue,1873885.09
323,20240501,6,5,Revenue,2210269.64
324,20240501,6,6,Revenue,829646.17
325,20240501,7,1,Revenue,809267.26
326,20240501,7,2,Revenue,2019984.96
327,20240501,7,3,Revenue,1894120.46
328,20240501,7,4,Revenue,1069171.75
329,20240501,7,5,Revenue,556093.4
330,20240501,7,6,Revenue,1881464.79
331,20240501,8,1,Revenue,1575071.2
332,20240501,8,2,Revenue,1491371.3
333,20240501,8,3,Revenue,749474.58
334,20240501,8,4,Revenue,1697960.04
335,20240501,8,5,Revenue,1783615.84
336,20240501,8,6,Revenue,1724883.43
337,20240501,9,1,Revenue,1100287.69
338,20240501,9,2,Revenue,2174195.23
339,20240501,9,3,Revenue,1834497.31
340,20240501,9,4,Revenue,2127347.46
341,20240501,9,5,Revenue,1572875.08
342,20240501,9,6,Revenue,630215.44
343,20240501,10,1,Revenue,1309917.92
344,20240501,10,2,Revenue,1690145.86
345,20240501,10,3,Revenue,1361175.48
346,20240501,10,4,Revenue,2218549.57
347,20240501,10,5,Revenue,960490.86
348,20240501,10,6,Revenue,508440.4
349,20240501,11,1,Revenue,785642.97
350,20240501,11,2,Revenue,1683621.24
351,20240501,11,3,Revenue,2418088.29
352,20240501,11,4,Revenue,543750.31
353,20240501,11,5,Revenue,1410982.93
354,20240501,11,6,Revenue,639412.72
355,20240501,12,1,Revenue,790732.63
356,20240501,12,2,Revenue,1006758.67
357,20240501,12,3,Revenue,1788694.28
358,20240501,12,4,Revenue,602945.48
359,20240501,12,5,Revenue,762966.0
360,20240501,12,6,Revenue,967130.7
361,20240601,1,1,Revenue,1466912.22
362,20240601,1,2,Revenue,1634113.43
363,20240601,1,3,Revenue,1316367.46
364,20240601,1,4,Revenue,671393.19
365,20240601,1,5,Revenue,2235666.58
366,20240601,1,6,Revenue,1874465.5
367,20240601,2,1,Revenue,1954722.29
368,20240601,2,2,Revenue,881200.28
369,20240601,2,3,Revenue,1213479.77
370,20240601,2,4,Revenue,1807663.73
371,20240601,2,5,Revenue,2096078.08
372,20240601,2,6,Revenue,2305742.17
373,20240601,3,1,Revenue,1616448.21
374,20240601,3,2,Revenue,607894.66
375,20240601,3,3,Revenue,881584.65
376,20240601,3,4,Revenue,1689065.35
377,20240601,3,5,Revenue,2312344.01
378,20240601,3,6,Revenue,1009816.17
379,20240601,4,1,Revenue,1243149.32
380,20240601,4,2,Revenue,1738278.96
381,20240601,4,3,Revenue,700230.66
382,20240601,4,4,Revenue,1356260.05
383,20240601,4,5,Revenue,2067217.22
384,20240601,4,6,Revenue,603008.31
385,20240601,5,1,Revenue,2330152.14
386,20240601,5,2,Revenue,2155525.14
387,20240601,5,3,Revenue,1796525.26
388,20240601,5,4,Revenue,1704404.56
389,20240601,5,5,Revenue,1220972.69
390,20240601,5,6,Revenue,1689210.36
391,20240601,6,1,Revenue,1968032.48
392,20240601,6,2,Revenue,1780470.61
393,20240601,6,3,Revenue,1927302.22
394,20240601,6,4,Revenue,2488737.53
395,20240601,6,5,Revenue,1643755.81
396,20240601,6,6,Revenue,2442315.36
397,20240601,7,1,Revenue,1556917.58
398,20240601,7,2,Revenue,961202.26
399,20240601,7,3,Revenue,1468421.01
400,20240601,7,4,Revenue,865277.84
401,20240601,7,5,Revenue,1097992.68
402,20240601,7,6,Revenue,1186898.85
403,20240601,8,1,Revenue,1871721.1
404,20240601,8,2,Revenue,682456.9
405,20240601,8,3,Revenue,1670097.39
406,20240601,8,4,Revenue,2386418.43
407,20240601,8,5,Revenue,2054296.34
408,20240601,8,6,Revenue,1592933.24
409,20240601,9,1,Revenue,2460527.4
410,20240601,9,2,Revenue,2373983.49
411,20240601,9,3,Revenue,1541839.49
412,20240601,9,4,Revenue,1189200.45
413,20240601,9,5,Revenue,1061370.12
414,20240601,9,6,Revenue,2073373.37
415,20240601,10,1,Revenue,1025174.13
416,20240601,10,2,Revenue,1517188.55
417,20240601,10,3,Revenue,1618062.76
418,20240601,10,4,Revenue,2379622.3
419,20240601,10,5,Revenue,1383638.36
420,20240601,10,6,Revenue,1427958.29
421,20240601,11,1,Revenue,2250285.53
422,20240601,11,2,Revenue,935961.08
423,20240601,11,3,Revenue,1956962.98
424,20240601,11,4,Revenue,670247.96
425,20240601,11,5,Revenue,2055628.91
426,20240601,11,6,Revenue,597621.62
427,20240601,12,1,Revenue,2415443.07
428,20240601,12,2,Revenue,625363.97
429,20240601,12,3,Revenue,1059289.01
430,20240601,12,4,Revenue,1083639.93
431,20240601,12,5,Revenue,1222270.95
432,20240601,12,6,Revenue,1406124.43
433,20240701,1,1,Revenue,729407.16
434,20240701,1,2,Revenue,2253359.68
435,20240701,1,3,Revenue,2058965.1
436,20240701,1,4,Revenue,873862.02
437,20240701,1,5,Revenue,2202930.14
438,20240701,1,6,Revenue,1608032.65
439,20240701,2,1,Revenue,1810236.76
440,20240701,2,2,Revenue,1179173.77
441,20240701,2,3,Revenue,1695693.46
442,20240701,2,4,Revenue,2113737.94
443,20240701,2,5,Revenue,749071.13
444,20240701,2,6,Revenue,1037127.46
445,20240701,3,1,Revenue,1161909.43
446,20240701,3,2,Revenue,1137289.72
447,20240701,3,3,Revenue,570032.39
448,20240701,3,4,Revenue,999898.08
449,20240701,3,5,Revenue,1766470.61
450,20240701,3,6,Revenue,604878.02
451,20240701,4,1,Revenue,776990.49
452,20240701,4,2,Revenue,2439892.19
453,20240701,4,3,Revenue,1687376.25
454,20240701,4,4,Revenue,1556148.55
455,20240701,4,5,Revenue,2063420.16
456,20240701,4,6,Revenue,1281954.07
457,20240701,5,1,Revenue,1303667.89
458,20240701,5,2,Revenue,2422540.11
459,20240701,5,3,Revenue,663522.55
460,20240701,5,4,Revenue,1561706.42
461,20240701,5,5,Revenue,740275.07
462,20240701,5,6,Revenue,2083570.07
463,20240701,6,1,Revenue,2238669.75
464,20240701,6,2,Revenue,817506.34
465,20240701,6,3,Revenue,812812.4
466,20240701,6,4,Revenue,1863918.66
467,20240701,6,5,Revenue,1796540.39
468,20240701,6,6,Revenue,862365.74
469,20240701,7,1,Revenue,1016194.87
470,20240701,7,2,Revenue,1107321.68
471,20240701,7,3,Revenue,1660288.61
472,20240701,7,4,Revenue,1417736.75
473,20240701,7,5,Revenue,1800743.62
474,20240701,7,6,Revenue,1419249.82
475,20240701,8,1,Revenue,1375678.22
476,20240701,8,2,Revenue,1468305.83
477,20240701,8,3,Revenue,2288356.42
478,20240701,8,4,Revenue,2120309.41
479,20240701,8,5,Revenue,635834.84
480,20240701,8,6,Revenue,751141.59
481,20240701,9,1,Revenue,1919563.53
482,20240701,9,2,Revenue,2298818.33
483,20240701,9,3,Revenue,1551570.24
484,20240701,9,4,Revenue,1071041.66
485,20240701,9,5,Revenue,1627053.13
486,20240701,9,6,Revenue,1567004.33
487,20240701,10,1,Revenue,2362737.17
488,20240701,10,2,Revenue,741902.94
489,20240701,10,3,Revenue,2275324.26
490,20240701,10,4,Revenue,1574121.65
491,20240701,10,5,Revenue,1236291.55
492,20240701,10,6,Revenue,1659799.2
493,20240701,11,1,Revenue,807915.83
494,20240701,11,2,Revenue,1471169.54
495,20240701,11,3,Revenue,817500.13
496,20240701,11,4,Revenue,1588137.27
497,20240701,11,5,Revenue,876841.73
498,20240701,11,6,Revenue,788232.74
499,20240701,12,1,Revenue,1349742.21
500,20240701,12,2,Revenue,2080809.5
501,20240701,12,3,Revenue,1873823.77
502,20240701,12,4,Revenue,1389307.06
503,20240701,12,5,Revenue,928608.07
504,20240701,12,6,Revenue,1038644.09
505,20240801,1,1,Revenue,2009344.21
506,20240801,1,2,Revenue,1945820.38
507,20240801,1,3,Revenue,923139.89
508,20240801,1,4,Revenue,2175337.28
509,20240801,1,5,Revenue,2096916.54
510,20240801,1,6,Revenue,1502201.13
511,20240801,2,1,Revenue,1877744.72
512,20240801,2,2,Revenue,1658941.1
513,20240801,2,3,Revenue,2399896.37
514,20240801,2,4,Revenue,763758.66
515,20240801,2,5,Revenue,791836.34
516,20240801,2,6,Revenue,1811904.51
517,20240801,3,1,Revenue,2169571.69
518,20240801,3,2,Revenue,2356105.5
519,20240801,3,3,Revenue,2124484.96
520,20240801,3,4,Revenue,1980407.61
521,20240801,3,5,Revenue,2316414.65
522,20240801,3,6,Revenue,2242552.04
523,20240801,4,1,Revenue,2298949.9
524,20240801,4,2,Revenue,2051891.73
525,20240801,4,3,Revenue,2163444.95
526,20240801,4,4,Revenue,875686.48
527,20240801,4,5,Revenue,1406871.63
528,20240801,4,6,Revenue,1603499.73
529,20240801,5,1,Revenue,2223842.84
530,20240801,5,2,Revenue,1967703.21
531,20240801,5,3,Revenue,520779.7
532,20240801,5,4,Revenue,1782429.24
533,20240801,5,5,Revenue,673240.32
534,20240801,5,6,Revenue,1618011.9
535,20240801,6,1,Revenue,1055210.44
536,20240801,6,2,Revenue,2251118.73
537,20240801,6,3,Revenue,1362794.87
538,20240801,6,4,Revenue,598222.16
539,20240801,6,5,Revenue,2449731.49
540,20240801,6,6,Revenue,2040837.26
541,20240801,7,1,Revenue,861582.53
542,20240801,7,2,Revenue,1807187.79
543,20240801,7,3,Revenue,2213161.14
544,20240801,7,4,Revenue,1455725.45
545,20240801,7,5,Revenue,2014884.69
546,20240801,7,6,Revenue,1262537.42
547,20240801,8,1,Revenue,903713.59
548,20240801,8,2,Revenue,1850338.43
549,20240801,8,3,Revenue,2499938.82
550,20240801,8,4,Revenue,2332496.87
551,20240801,8,5,Revenue,648282.59
552,20240801,8,6,Revenue,660361.53
553,20240801,9,1,Revenue,564465.12
554,20240801,9,2,Revenue,2446106.05
555,20240801,9,3,Revenue,1806689.09
556,20240801,9,4,Revenue,2093790.74
557,20240801,9,5,Revenue,2168644.61
558,20240801,9,6,Revenue,651030.46
559,20240801,10,1,Revenue,2477958.21
560,20240801,10,2,Revenue,2264286.77
561,20240801,10,3,Revenue,1704248.64
562,20240801,10,4,Revenue,1949020.32
563,20240801,10,5,Revenue,1228767.63
564,20240801,10,6,Revenue,1222960.36
565,20240801,11,1,Revenue,2255436.9
566,20240801,11,2,Revenue,1626612.22
567,20240801,11,3,Revenue,1200477.01
568,20240801,11,4,Revenue,1871615.14
569,20240801,11,5,Revenue,2175349.8
570,20240801,11,6,Revenue,776973.24
571,20240801,12,1,Revenue,1029005.71
572,20240801,12,2,Revenue,1057873.04
573,20240801,12,3,Revenue,2214105.29
574,20240801,12,4,Revenue,1496191.39
575,20240801,12,5,Revenue,2462357.55
576,20240801,12,6,Revenue,1177873.55
577,20240901,1,1,Revenue,1076025.86
578,20240901,1,2,Revenue,1612328.85
579,20240901,1,3,Revenue,1268338.44
580,20240901,1,4,Revenue,786623.07
581,20240901,1,5,Revenue,1725820.16
582,20240901,1,6,Revenue,717867.08
583,20240901,2,1,Revenue,997738.64
584,20240901,2,2,Revenue,1813413.75
585,20240901,2,3,Revenue,2227989.53
586,20240901,2,4,Revenue,1299333.2
587,20240901,2,5,Revenue,2208183.15
588,20240901,2,6,Revenue,1347624.49
589,20240901,3,1,Revenue,2212318.44
590,20240901,3,2,Revenue,1223082.11
591,20240901,3,3,Revenue,2391264.39
592,20240901,3,4,Revenue,2395177.07
593,20240901,3,5,Revenue,526840.32
594,20240901,3,6,Revenue,1254687.75
595,20240901,4,1,Revenue,796973.05
596,20240901,4,2,Revenue,1069986.69
597,20240901,4,3,Revenue,589042.46
598,20240901,4,4,Revenue,2448544.8
599,20240901,4,5,Revenue,2030588.59
600,20240901,4,6,Revenue,697160.12
601,20240901,5,1,Revenue,1663927.68
602,20240901,5,2,Revenue,892781.25
603,20240901,5,3,Revenue,513927.94
604,20240901,5,4,Revenue,1284035.2
605,20240901,5,5,Revenue,1957328.31
606,20240901,5,6,Revenue,619768.44
607,20240901,6,1,Revenue,550940.55
608,20240901,6,2,Revenue,1286501.2
609,20240901,6,3,Revenue,1613989.4
610,20240901,6,4,Revenue,1440278.78
611,20240901,6,5,Revenue,1949113.55
612,20240901,6,6,Revenue,2420781.51
613,20240901,7,1,Revenue,1017989.51
614,20240901,7,2,Revenue,2348516.03
615,20240901,7,3,Revenue,1416323.22
616,20240901,7,4,Revenue,1744778.64
617,20240901,7,5,Revenue,935529.37
618,20240901,7,6,Revenue,569205.16
619,20240901,8,1,Revenue,1563879.1
620,20240901,8,2,Revenue,1082585.78
621,20240901,8,3,Revenue,1881581.74
622,20240901,8,4,Revenue,939083.6
623,20240901,8,5,Revenue,717263.35
624,20240901,8,6,Revenue,1317959.72
625,20240901,9,1,Revenue,1661453.76
626,20240901,9,2,Revenue,1967926.98
627,20240901,9,3,Revenue,1635165.06
628,20240901,9,4,Revenue,1486980.67
629,20240901,9,5,Revenue,768126.8
630,20240901,9,6,Revenue,695497.26
631,20240901,10,1,Revenue,1769912.09
632,20240901,10,2,Revenue,1946465.57
633,20240901,10,3,Revenue,586394.53
634,20240901,10,4,Revenue,1474639.79
635,20240901,10,5,Revenue,1630333.07
636,20240901,10,6,Revenue,2140183.03
637,20240901,11,1,Revenue,1234870.53
638,20240901,11,2,Revenue,1711471.57
639,20240901,11,3,Revenue,1657544.23
640,20240901,11,4,Revenue,2086759.66
641,20240901,11,5,Revenue,2304624.14
642,20240901,11,6,Revenue,1397743.68
643,20240901,12,1,Revenue,696754.09
644,20240901,12,2,Revenue,2381843.77
645,20240901,12,3,Revenue,2459473.99
646,20240901,12,4,Revenue,718814.5
647,20240901,12,5,Revenue,1870995.66
648,20240901,12,6,Revenue,2100339.2
649,20241001,1,1,Revenue,2318542.74
650,20241001,1,2,Revenue,1847757.77
651,20241001,1,3,Revenue,1091523.67
652,20241001,1,4,Revenue,933006.2
653,20241001,1,5,Revenue,866387.87
654,20241001,1,6,Revenue,1164456.72
655,20241001,2,1,Revenue,1356851.07
656,20241001,2,2,Revenue,1783832.82
657,20241001,2,3,Revenue,1055996.98
658,20241001,2,4,Revenue,520953.12
659,20241001,2,5,Revenue,1604874.76
660,20241001,2,6,Revenue,2066793.01
661,20241001,3,1,Revenue,1623385.5
662,20241001,3,2,Revenue,792631.59
663,20241001,3,3,Revenue,2284556.6
664,20241001,3,4,Revenue,642499.09
665,20241001,3,5,Revenue,2259859.73
666,20241001,3,6,Revenue,2413917.81
667,20241001,4,1,Revenue,1487703.54
668,20241001,4,2,Revenue,1124098.26
669,20241001,4,3,Revenue,1061736.51
670,20241001,4,4,Revenue,574054.63
671,20241001,4,5,Revenue,584140.95
672,20241001,4,6,Revenue,554923.21
673,20241001,5,1,Revenue,1909532.94
674,20241001,5,2,Revenue,2121070.98
675,20241001,5,3,Revenue,2431859.09
676,20241001,5,4,Revenue,740209.5
677,20241001,5,5,Revenue,743275.67
678,20241001,5,6,Revenue,1557444.06
679,20241001,6,1,Revenue,1663733.65
680,20241001,6,2,Revenue,826876.87
681,20241001,6,3,Revenue,1061138.38
682,20241001,6,4,Revenue,2033238.67
683,20241001,6,5,Revenue,588426.66
684,20241001,6,6,Revenue,1159664.19
685,20241001,7,1,Revenue,1164156.93
686,20241001,7,2,Revenue,611912.79
687,20241001,7,3,Revenue,1139804.36
688,20241001,7,4,Revenue,1254109.25
689,20241001,7,5,Revenue,1888081.94
690,20241001,7,6,Revenue,625854.57
691,20241001,8,1,Revenue,1380396.09
692,20241001,8,2,Revenue,1072511.63
693,20241001,8,3,Revenue,1310470.53
694,20241001,8,4,Revenue,1056371.59
695,20241001,8,5,Revenue,727678.68
696,20241001,8,6,Revenue,1767736.95
697,20241001,9,1,Revenue,1935197.51
698,20241001,9,2,Revenue,595429.08
699,20241001,9,3,Revenue,1486703.65
700,20241001,9,4,Revenue,1076026.6
701,20241001,9,5,Revenue,735036.82
702,20241001,9,6,Revenue,989787.8
703,20241001,10,1,Revenue,2133669.98
704,20241001,10,2,Revenue,1830310.44
705,20241001,10,3,Revenue,1510317.04
706,20241001,10,4,Revenue,987229.35
707,20241001,10,5,Revenue,1444833.25
708,20241001,10,6,Revenue,2449936.56
709,20241001,11,1,Revenue,880070.21
710,20241001,11,2,Revenue,1669544.04
711,20241001,11,3,Revenue,1680098.91
712,20241001,11,4,Revenue,1343544.41
713,20241001,11,5,Revenue,1404050.68
714,20241001,11,6,Revenue,1967638.95
715,20241001,12,1,Revenue,1236163.16
716,20241001,12,2,Revenue,882700.32
717,20241001,12,3,Revenue,1113542.71
718,20241001,12,4,Revenue,886261.32
719,20241001,12,5,Revenue,1659207.63
720,20241001,12,6,Revenue,807156.05
721,20241101,1,1,Revenue,624629.93
722,20241101,1,2,Revenue,1408537.76
723,20241101,1,3,Revenue,2261827.02
724,20241101,1,4,Revenue,860307.16
725,20241101,1,5,Revenue,1533070.11
726,20241101,1,6,Revenue,723740.58
727,20241101,2,1,Revenue,1700911.88
728,20241101,2,2,Revenue,1242680.27
729,20241101,2,3,Revenue,906917.15
730,20241101,2,4,Revenue,1302148.92
731,20241101,2,5,Revenue,1598901.05
732,20241101,2,6,Revenue,2203883.6
733,20241101,3,1,Revenue,1198137.28
734,20241101,3,2,Revenue,1127356.83
735,20241101,3,3,Revenue,1836435.8
736,20241101,3,4,Revenue,980530.72
737,20241101,3,5,Revenue,1101964.49
738,20241101,3,6,Revenue,797758.88
739,20241101,4,1,Revenue,2475629.09
740,20241101,4,2,Revenue,859383.81
741,20241101,4,3,Revenue,1287368.25
742,20241101,4,4,Revenue,1360679.85
743,20241101,4,5,Revenue,1926977.8
744,20241101,4,6,Revenue,2478111.49
745,20241101,5,1,Revenue,1360141.89
746,20241101,5,2,Revenue,732039.68
747,20241101,5,3,Revenue,1213366.13
748,20241101,5,4,Revenue,2115315.25
749,20241101,5,5,Revenue,1211221.06
750,20241101,5,6,Revenue,1127871.76
751,20241101,6,1,Revenue,2294503.34
752,20241101,6,2,Revenue,1423090.3
753,20241101,6,3,Revenue,1774933.3
754,20241101,6,4,Revenue,1024520.94
755,20241101,6,5,Revenue,1270181.94
756,20241101,6,6,Revenue,2463493.83
757,20241101,7,1,Revenue,1761101.96
758,20241101,7,2,Revenue,1659951.17
759,20241101,7,3,Revenue,877333.94
760,20241101,7,4,Revenue,1825301.3
761,20241101,7,5,Revenue,1545944.13
762,20241101,7,6,Revenue,1780771.39
763,20241101,8,1,Revenue,2182399.15
764,20241101,8,2,Revenue,1821882.07
765,20241101,8,3,Revenue,1675779.44
766,20241101,8,4,Revenue,1621740.7
767,20241101,8,5,Revenue,2147832.41
768,20241101,8,6,Revenue,2057744.89
769,20241101,9,1,Revenue,2270576.83
770,20241101,9,2,Revenue,1350501.61
771,20241101,9,3,Revenue,1216596.74
772,20241101,9,4,Revenue,1275128.39
773,20241101,9,5,Revenue,1012462.18
774,20241101,9,6,Revenue,1895378.12
775,20241101,10,1,Revenue,2278085.48
776,20241101,10,2,Revenue,2041616.44
777,20241101,10,3,Revenue,1739305.11
778,20241101,10,4,Revenue,1162137.86
779,20241101,10,5,Revenue,1526324.14
780,20241101,10,6,Revenue,1855585.45
781,20241101,11,1,Revenue,2024383.52
782,20241101,11,2,Revenue,1338174.43
783,20241101,11,3,Revenue,2401075.38
784,20241101,11,4,Revenue,2420877.91
785,20241101,11,5,Revenue,1255607.35
786,20241101,11,6,Revenue,1160296.84
787,20241101,12,1,Revenue,1412700.6
788,20241101,12,2,Revenue,981523.5
789,20241101,12,3,Revenue,1191925.81
790,20241101,12,4,Revenue,1731106.8
791,20241101,12,5,Revenue,1015464.97
792,20241101,12,6,Revenue,1957125.6
793,20241201,1,1,Revenue,1466290.74
794,20241201,1,2,Revenue,1912553.11
795,20241201,1,3,Revenue,1325532.27
796,20241201,1,4,Revenue,1480282.4
797,20241201,1,5,Revenue,728169.07
798,20241201,1,6,Revenue,1928366.8
799,20241201,2,1,Revenue,1780076.7
800,20241201,2,2,Revenue,617842.28
801,20241201,2,3,Revenue,2412113.34
802,20241201,2,4,Revenue,2060510.27
803,20241201,2,5,Revenue,1697869.47
804,20241201,2,6,Revenue,1935889.24
805,20241201,3,1,Revenue,1305437.86
806,20241201,3,2,Revenue,1774283.41
807,20241201,3,3,Revenue,982443.89
808,20241201,3,4,Revenue,886741.61
809,20241201,3,5,Revenue,2122023.66
810,20241201,3,6,Revenue,706540.91
811,20241201,4,1,Revenue,1109514.96
812,20241201,4,2,Revenue,1744086.28
813,20241201,4,3,Revenue,698562.42
814,20241201,4,4,Revenue,1834382.72
815,20241201,4,5,Revenue,1963493.61
816,20241201,4,6,Revenue,944535.85
817,20241201,5,1,Revenue,1717548.26
818,20241201,5,2,Revenue,1046080.63
819,20241201,5,3,Revenue,2192198.93
820,20241201,5,4,Revenue,745865.89
821,20241201,5,5,Revenue,1029040.47
822,20241201,5,6,Revenue,2170704.06
823,20241201,6,1,Revenue,1994001.83
824,20241201,6,2,Revenue,2201641.06
825,20241201,6,3,Revenue,1535452.84
826,20241201,6,4,Revenue,1249399.7
827,20241201,6,5,Revenue,670573.39
828,20241201,6,6,Revenue,2498605.24
829,20241201,7,1,Revenue,2487076.72
830,20241201,7,2,Revenue,1909265.85
831,20241201,7,3,Revenue,1286142.57
832,20241201,7,4,Revenue,1062584.81
833,20241201,7,5,Revenue,2464890.11
834,20241201,7,6,Revenue,1878396.43
835,20241201,8,1,Revenue,1208047.26
836,20241201,8,2,Revenue,2010657.04
837,20241201,8,3,Revenue,1495678.3
838,20241201,8,4,Revenue,728966.82
839,20241201,8,5,Revenue,2487477.58
840,20241201,8,6,Revenue,868535.02
841,20241201,9,1,Revenue,1943074.72
842,20241201,9,2,Revenue,2350649.47
843,20241201,9,3,Revenue,557931.54
844,20241201,9,4,Revenue,2124351.88
845,20241201,9,5,Revenue,1280308.47
846,20241201,9,6,Revenue,1712773.22
847,20241201,10,1,Revenue,2421227.38
848,20241201,10,2,Revenue,1845066.43
849,20241201,10,3,Revenue,694236.68
850,20241201,10,4,Revenue,1605667.95
851,20241201,10,5,Revenue,1376819.03
852,20241201,10,6,Revenue,961004.62
853,20241201,11,1,Revenue,1595997.62
854,20241201,11,2,Revenue,982160.47
855,20241201,11,3,Revenue,1126076.6
856,20241201,11,4,Revenue,2413325.24
857,20241201,11,5,Revenue,1472695.91
858,20241201,11,6,Revenue,1175512.53
859,20241201,12,1,Revenue,1383987.48
860,20241201,12,2,Revenue,1257633.24
861,20241201,12,3,Revenue,970886.79
862,20241201,12,4,Revenue,1078800.97
863,20241201,12,5,Revenue,993605.82
864,20241201,12,6,Revenue,737476.47
865,20250101,1,1,Revenue,1397606.76
866,20250101,1,2,Revenue,1165779.74
867,20250101,1,3,Revenue,1878153.66
868,20250101,1,4,Revenue,1388111.32
869,20250101,1,5,Revenue,1398840.22
870,20250101,1,6,Revenue,603556.48
871,20250101,2,1,Revenue,1563204.01
872,20250101,2,2,Revenue,870108.0
873,20250101,2,3,Revenue,1647607.7
874,20250101,2,4,Revenue,783026.38
875,20250101,2,5,Revenue,557171.28
876,20250101,2,6,Revenue,2266997.94
877,20250101,3,1,Revenue,2037250.97
878,20250101,3,2,Revenue,1995415.32
879,20250101,3,3,Revenue,2301376.69
880,20250101,3,4,Revenue,1312433.22
881,20250101,3,5,Revenue,1935731.65
882,20250101,3,6,Revenue,751561.09
883,20250101,4,1,Revenue,832649.1
884,20250101,4,2,Revenue,1620913.96
885,20250101,4,3,Revenue,1399154.98
886,20250101,4,4,Revenue,844904.52
887,20250101,4,5,Revenue,1948915.46
888,20250101,4,6,Revenue,1807242.72
889,20250101,5,1,Revenue,1938167.14
890,20250101,5,2,Revenue,1494327.77
891,20250101,5,3,Revenue,2067496.07
892,20250101,5,4,Revenue,598115.94
893,20250101,5,5,Revenue,1933909.83
894,20250101,5,6,Revenue,2386944.81
895,20250101,6,1,Revenue,625200.55
896,20250101,6,2,Revenue,2237650.96
897,20250101,6,3,Revenue,2438537.01
898,20250101,6,4,Revenue,683901.06
899,20250101,6,5,Revenue,1711994.71
900,20250101,6,6,Revenue,563666.98
901,20250101,7,1,Revenue,618580.15
902,20250101,7,2,Revenue,701890.63
903,20250101,7,3,Revenue,1720053.1
904,20250101,7,4,Revenue,2201158.1
905,20250101,7,5,Revenue,2044572.39
906,20250101,7,6,Revenue,1359990.29
907,20250101,8,1,Revenue,697813.29
908,20250101,8,2,Revenue,587998.25
909,20250101,8,3,Revenue,1128785.7
910,20250101,8,4,Revenue,2222654.98
911,20250101,8,5,Revenue,2169323.16
912,20250101,8,6,Revenue,2399205.61
913,20250101,9,1,Revenue,2496779.98
914,20250101,9,2,Revenue,927444.93
915,20250101,9,3,Revenue,563858.2
916,20250101,9,4,Revenue,1229304.89
917,20250101,9,5,Revenue,1069936.75
918,20250101,9,6,Revenue,1358285.15
919,20250101,10,1,Revenue,1021728.44
920,20250101,10,2,Revenue,2364093.07
921,20250101,10,3,Revenue,622569.72
922,20250101,10,4,Revenue,1734348.56
923,20250101,10,5,Revenue,2237122.82
924,20250101,10,6,Revenue,794510.63
925,20250101,11,1,Revenue,2240110.21
926,20250101,11,2,Revenue,1107826.55
927,20250101,11,3,Revenue,779876.04
928,20250101,11,4,Revenue,2075047.23
929,20250101,11,5,Revenue,1508030.39
930,20250101,11,6,Revenue,1011999.8
931,20250101,12,1,Revenue,1218778.89
932,20250101,12,2,Revenue,1511274.84
933,20250101,12,3,Revenue,828803.05
934,20250101,12,4,Revenue,2242756.74
935,20250101,12,5,Revenue,685707.93
936,20250101,12,6,Revenue,1246979.42
937,20250201,1,1,Revenue,2292853.17
938,20250201,1,2,Revenue,1932838.29
939,20250201,1,3,Revenue,1627799.67
940,20250201,1,4,Revenue,1945790.78
941,20250201,1,5,Revenue,1200350.72
942,20250201,1,6,Revenue,2362662.29
943,20250201,2,1,Revenue,1636615.12
944,20250201,2,2,Revenue,2154921.77
945,20250201,2,3,Revenue,1767776.27
946,20250201,2,4,Revenue,1620176.25
947,20250201,2,5,Revenue,517025.41
948,20250201,2,6,Revenue,2436393.98
949,20250201,3,1,Revenue,1913926.04
950,20250201,3,2,Revenue,726273.57
951,20250201,3,3,Revenue,1264894.45
952,20250201,3,4,Revenue,2198510.79
953,20250201,3,5,Revenue,2251674.16
954,20250201,3,6,Revenue,1389346.31
955,20250201,4,1,Revenue,1297762.5
956,20250201,4,2,Revenue,2219253.33
957,20250201,4,3,Revenue,1610355.44
958,20250201,4,4,Revenue,1481392.2
959,20250201,4,5,Revenue,559278.26
960,20250201,4,6,Revenue,2226754.35
961,20250201,5,1,Revenue,650827.28
962,20250201,5,2,Revenue,2010396.65
963,20250201,5,3,Revenue,606671.11
964,20250201,5,4,Revenue,1522683.5
965,20250201,5,5,Revenue,983808.37
966,20250201,5,6,Revenue,766057.0
967,20250201,6,1,Revenue,1315266.3
968,20250201,6,2,Revenue,1205366.21
969,20250201,6,3,Revenue,883701.29
970,20250201,6,4,Revenue,660114.31
971,20250201,6,5,Revenue,1889905.85
972,20250201,6,6,Revenue,1550115.3
973,20250201,7,1,Revenue,1528751.49
974,20250201,7,2,Revenue,1713115.17
975,20250201,7,3,Revenue,1456470.59
976,20250201,7,4,Revenue,619919.83
977,20250201,7,5,Revenue,1320604.56
978,20250201,7,6,Revenue,764636.73
979,20250201,8,1,Revenue,1388755.61
980,20250201,8,2,Revenue,1738927.12
981,20250201,8,3,Revenue,1255785.69
982,20250201,8,4,Revenue,583656.91
983,20250201,8,5,Revenue,1986210.56
984,20250201,8,6,Revenue,1300429.66
985,20250201,9,1,Revenue,2268256.97
986,20250201,9,2,Revenue,2322818.08
987,20250201,9,3,Revenue,1918204.76
988,20250201,9,4,Revenue,2323304.63
989,20250201,9,5,Revenue,895024.92
990,20250201,9,6,Revenue,796818.97
991,20250201,10,1,Revenue,1347918.24
992,20250201,10,2,Revenue,2095962.19
993,20250201,10,3,Revenue,1255163.79
994,20250201,10,4,Revenue,575257.44
995,20250201,10,5,Revenue,583741.93
996,20250201,10,6,Revenue,1716078.55
997,20250201,11,1,Revenue,1965116.12
998,20250201,11,2,Revenue,1621607.52
999,20250201,11,3,Revenue,829867.0
1000,20250201,11,4,Revenue,1410296.46
1001,20250201,11,5,Revenue,1386556.11
1002,20250201,11,6,Revenue,2129430.22
1003,20250201,12,1,Revenue,1721437.92
1004,20250201,12,2,Revenue,1493479.7
1005,20250201,12,3,Revenue,1545746.08
1006,20250201,12,4,Revenue,1625068.94
1007,20250201,12,5,Revenue,726997.31
1008,20250201,12,6,Revenue,1010957.17
1009,20250301,1,1,Revenue,1048717.8
1010,20250301,1,2,Revenue,955873.42
1011,20250301,1,3,Revenue,1624584.01
1012,20250301,1,4,Revenue,1200473.5
1013,20250301,1,5,Revenue,1512797.18
1014,20250301,1,6,Revenue,1633300.92
1015,20250301,2,1,Revenue,2477089.07
1016,20250301,2,2,Revenue,2479772.1
1017,20250301,2,3,Revenue,864633.49
1018,20250301,2,4,Revenue,1839734.51
1019,20250301,2,5,Revenue,557206.85
1020,20250301,2,6,Revenue,1806799.04
1021,20250301,3,1,Revenue,743745.52
1022,20250301,3,2,Revenue,2466603.63
1023,20250301,3,3,Revenue,1332473.39
1024,20250301,3,4,Revenue,1134546.05
1025,20250301,3,5,Revenue,991896.04
1026,20250301,3,6,Revenue,1105814.88
1027,20250301,4,1,Revenue,1025981.38
1028,20250301,4,2,Revenue,1861261.26
1029,20250301,4,3,Revenue,1170733.42
1030,20250301,4,4,Revenue,2480663.17
1031,20250301,4,5,Revenue,1497032.07
1032,20250301,4,6,Revenue,2096065.45
1033,20250301,5,1,Revenue,836752.79
1034,20250301,5,2,Revenue,527123.59
1035,20250301,5,3,Revenue,1512050.68
1036,20250301,5,4,Revenue,2207386.69
1037,20250301,5,5,Revenue,2052625.89
1038,20250301,5,6,Revenue,934725.66
1039,20250301,6,1,Revenue,2310547.67
1040,20250301,6,2,Revenue,720520.64
1041,20250301,6,3,Revenue,1379621.13
1042,20250301,6,4,Revenue,809750.96
1043,20250301,6,5,Revenue,1165685.69
1044,20250301,6,6,Revenue,864898.81
1045,20250301,7,1,Revenue,1603306.81
1046,20250301,7,2,Revenue,901858.54
1047,20250301,7,3,Revenue,620721.33
1048,20250301,7,4,Revenue,2459031.0
1049,20250301,7,5,Revenue,2292938.02
1050,20250301,7,6,Revenue,2336492.5
1051,20250301,8,1,Revenue,872404.35
1052,20250301,8,2,Revenue,2380931.77
1053,20250301,8,3,Revenue,1092489.22
1054,20250301,8,4,Revenue,2470515.56
1055,20250301,8,5,Revenue,2412531.9
1056,20250301,8,6,Revenue,1009586.14
1057,20250301,9,1,Revenue,1092403.72
1058,20250301,9,2,Revenue,780135.62
1059,20250301,9,3,Revenue,2070344.88
1060,20250301,9,4,Revenue,948480.97
1061,20250301,9,5,Revenue,1372911.42
1062,20250301,9,6,Revenue,1206327.1
1063,20250301,10,1,Revenue,1312466.58
1064,20250301,10,2,Revenue,741763.74
1065,20250301,10,3,Revenue,1611610.19
1066,20250301,10,4,Revenue,616438.63
1067,20250301,10,5,Revenue,692226.72
1068,20250301,10,6,Revenue,738738.33
1069,20250301,11,1,Revenue,785708.88
1070,20250301,11,2,Revenue,2138085.17
1071,20250301,11,3,Revenue,2151855.92
1072,20250301,11,4,Revenue,1033760.11
1073,20250301,11,5,Revenue,884072.93
1074,20250301,11,6,Revenue,2174662.72
1075,20250301,12,1,Revenue,998374.87
1076,20250301,12,2,Revenue,2016126.85
1077,20250301,12,3,Revenue,2322301.05
1078,20250301,12,4,Revenue,2304982.1
1079,20250301,12,5,Revenue,2020270.18
1080,20250301,12,6,Revenue,653557.48
1081,20250401,1,1,Revenue,1692711.28
1082,20250401,1,2,Revenue,1632598.15
1083,20250401,1,3,Revenue,2383500.29
1084,20250401,1,4,Revenue,2443946.11
1085,20250401,1,5,Revenue,1972089.86
1086,20250401,1,6,Revenue,1453836.83
1087,20250401,2,1,Revenue,2043130.88
1088,20250401,2,2,Revenue,984922.58
1089,20250401,2,3,Revenue,812470.92
1090,20250401,2,4,Revenue,621166.72
1091,20250401,2,5,Revenue,2293608.41
1092,20250401,2,6,Revenue,2092180.84
1093,20250401,3,1,Revenue,1708295.06
1094,20250401,3,2,Revenue,2317901.2
1095,20250401,3,3,Revenue,1192008.98
1096,20250401,3,4,Revenue,2020389.6
1097,20250401,3,5,Revenue,1823424.2
1098,20250401,3,6,Revenue,1184398.35
1099,20250401,4,1,Revenue,1921376.63
1100,20250401,4,2,Revenue,1127633.09
1101,20250401,4,3,Revenue,560242.94
1102,20250401,4,4,Revenue,818054.12
1103,20250401,4,5,Revenue,1966554.94
1104,20250401,4,6,Revenue,1913772.56
1105,20250401,5,1,Revenue,1134467.44
1106,20250401,5,2,Revenue,2015592.82
1107,20250401,5,3,Revenue,592089.26
1108,20250401,5,4,Revenue,1595466.52
1109,20250401,5,5,Revenue,598938.37
1110,20250401,5,6,Revenue,2181282.35
1111,20250401,6,1,Revenue,827940.0
1112,20250401,6,2,Revenue,1502407.75
1113,20250401,6,3,Revenue,1116376.9
1114,20250401,6,4,Revenue,815950.93
1115,20250401,6,5,Revenue,2165392.98
1116,20250401,6,6,Revenue,973790.89
1117,20250401,7,1,Revenue,1684976.1
1118,20250401,7,2,Revenue,1918166.3
1119,20250401,7,3,Revenue,936270.24
1120,20250401,7,4,Revenue,573146.8
1121,20250401,7,5,Revenue,561988.59
1122,20250401,7,6,Revenue,1034337.21
1123,20250401,8,1,Revenue,1687200.89
1124,20250401,8,2,Revenue,1704678.07
1125,20250401,8,3,Revenue,915625.46
1126,20250401,8,4,Revenue,1239262.01
1127,20250401,8,5,Revenue,1422848.0
1128,20250401,8,6,Revenue,1290080.11
1129,20250401,9,1,Revenue,2222333.64
1130,20250401,9,2,Revenue,2195900.07
1131,20250401,9,3,Revenue,964589.33
1132,20250401,9,4,Revenue,1695717.61
1133,20250401,9,5,Revenue,1037542.73
1134,20250401,9,6,Revenue,600172.65
1135,20250401,10,1,Revenue,907747.95
1136,20250401,10,2,Revenue,1716321.86
1137,20250401,10,3,Revenue,1035605.94
1138,20250401,10,4,Revenue,1172079.41
1139,20250401,10,5,Revenue,1546416.68
1140,20250401,10,6,Revenue,1371209.76
1141,20250401,11,1,Revenue,748393.14
1142,20250401,11,2,Revenue,1489013.27
1143,20250401,11,3,Revenue,716951.11
1144,20250401,11,4,Revenue,1505971.93
1145,20250401,11,5,Revenue,695305.09
1146,20250401,11,6,Revenue,2093383.13
1147,20250401,12,1,Revenue,1168202.79
1148,20250401,12,2,Revenue,2497491.76
1149,20250401,12,3,Revenue,1748973.12
1150,20250401,12,4,Revenue,2268312.31
1151,20250401,12,5,Revenue,1450031.11
1152,20250401,12,6,Revenue,985285.96
1153,20250501,1,1,Revenue,880761.56
1154,20250501,1,2,Revenue,1139114.65
1155,20250501,1,3,Revenue,2398680.13
1156,20250501,1,4,Revenue,2024022.53
1157,20250501,1,5,Revenue,1624294.63
1158,20250501,1,6,Revenue,1547550.87
1159,20250501,2,1,Revenue,1390888.55
1160,20250501,2,2,Revenue,2104630.19
1161,20250501,2,3,Revenue,2462152.35
1162,20250501,2,4,Revenue,1319871.28
1163,20250501,2,5,Revenue,1361088.31
1164,20250501,2,6,Revenue,1245819.89
1165,20250501,3,1,Revenue,1800626.63
1166,20250501,3,2,Revenue,1515536.97
1167,20250501,3,3,Revenue,2496281.2
1168,20250501,3,4,Revenue,2145172.31
1169,20250501,3,5,Revenue,1575708.65
1170,20250501,3,6,Revenue,891689.68
1171,20250501,4,1,Revenue,1180136.24
1172,20250501,4,2,Revenue,507093.51
1173,20250501,4,3,Revenue,807450.96
1174,20250501,4,4,Revenue,1592225.92
1175,20250501,4,5,Revenue,705346.36
1176,20250501,4,6,Revenue,2450076.71
1177,20250501,5,1,Revenue,1977626.73
1178,20250501,5,2,Revenue,1241398.51
1179,20250501,5,3,Revenue,2388133.12
1180,20250501,5,4,Revenue,2142068.01
1181,20250501,5,5,Revenue,1012777.49
1182,20250501,5,6,Revenue,1850792.76
1183,20250501,6,1,Revenue,1948927.63
1184,20250501,6,2,Revenue,2283951.41
1185,20250501,6,3,Revenue,1399462.18
1186,20250501,6,4,Revenue,1197778.64
1187,20250501,6,5,Revenue,977307.3
1188,20250501,6,6,Revenue,584200.34
1189,20250501,7,1,Revenue,1852883.8
1190,20250501,7,2,Revenue,2417692.54
1191,20250501,7,3,Revenue,708795.85
1192,20250501,7,4,Revenue,1450168.69
1193,20250501,7,5,Revenue,1370230.5
1194,20250501,7,6,Revenue,1707022.21
1195,20250501,8,1,Revenue,1905281.25
1196,20250501,8,2,Revenue,1393269.03
1197,20250501,8,3,Revenue,1016317.58
1198,20250501,8,4,Revenue,992347.92
1199,20250501,8,5,Revenue,2316133.88
1200,20250501,8,6,Revenue,1168678.68
1201,20250501,9,1,Revenue,1224833.95
1202,20250501,9,2,Revenue,1321935.72
1203,20250501,9,3,Revenue,1706741.72
1204,20250501,9,4,Revenue,1728221.18
1205,20250501,9,5,Revenue,1064161.17
1206,20250501,9,6,Revenue,1581162.37
1207,20250501,10,1,Revenue,1781581.78
1208,20250501,10,2,Revenue,1398722.59
1209,20250501,10,3,Revenue,1653443.15
1210,20250501,10,4,Revenue,1443418.93
1211,20250501,10,5,Revenue,599027.1
1212,20250501,10,6,Revenue,1631375.78
1213,20250501,11,1,Revenue,851890.47
1214,20250501,11,2,Revenue,793279.47
1215,20250501,11,3,Revenue,740090.11
1216,20250501,11,4,Revenue,1836531.91
1217,20250501,11,5,Revenue,2270427.01
1218,20250501,11,6,Revenue,1328502.31
1219,20250501,12,1,Revenue,1850334.71
1220,20250501,12,2,Revenue,1744372.44
1221,20250501,12,3,Revenue,1852743.17
1222,20250501,12,4,Revenue,2328369.19
1223,20250501,12,5,Revenue,1005174.33
1224,20250501,12,6,Revenue,1816606.16
1225,20250601,1,1,Revenue,2461241.3
1226,20250601,1,2,Revenue,2099398.65
1227,20250601,1,3,Revenue,2443799.2
1228,20250601,1,4,Revenue,2196140.0
1229,20250601,1,5,Revenue,2061469.27
1230,20250601,1,6,Revenue,1858326.33
1231,20250601,2,1,Revenue,1517965.68
1232,20250601,2,2,Revenue,1505162.81
1233,20250601,2,3,Revenue,1945014.06
1234,20250601,2,4,Revenue,1942584.03
1235,20250601,2,5,Revenue,630495.64
1236,20250601,2,6,Revenue,2442407.95
1237,20250601,3,1,Revenue,1986386.57
1238,20250601,3,2,Revenue,1547952.85
1239,20250601,3,3,Revenue,2192892.1
1240,20250601,3,4,Revenue,1884707.01
1241,20250601,3,5,Revenue,2469621.03
1242,20250601,3,6,Revenue,1140468.45
1243,20250601,4,1,Revenue,562183.06
1244,20250601,4,2,Revenue,620316.25
1245,20250601,4,3,Revenue,2405325.42
1246,20250601,4,4,Revenue,567452.21
1247,20250601,4,5,Revenue,986070.91
1248,20250601,4,6,Revenue,1112997.39
1249,20250601,5,1,Revenue,1279547.45
1250,20250601,5,2,Revenue,1008005.22
1251,20250601,5,3,Revenue,1953521.32
1252,20250601,5,4,Revenue,965838.72
1253,20250601,5,5,Revenue,1641526.52
1254,20250601,5,6,Revenue,1669643.11
1255,20250601,6,1,Revenue,1729434.28
1256,20250601,6,2,Revenue,1844610.6
1257,20250601,6,3,Revenue,1826371.62
1258,20250601,6,4,Revenue,1326899.0
1259,20250601,6,5,Revenue,538689.49
1260,20250601,6,6,Revenue,844234.88
1261,20250601,7,1,Revenue,1026695.8
1262,20250601,7,2,Revenue,869706.59
1263,20250601,7,3,Revenue,1245517.22
1264,20250601,7,4,Revenue,1717661.55
1265,20250601,7,5,Revenue,735032.84
1266,20250601,7,6,Revenue,910266.41
1267,20250601,8,1,Revenue,1580985.25
1268,20250601,8,2,Revenue,1240171.3
1269,20250601,8,3,Revenue,918245.38
1270,20250601,8,4,Revenue,1296458.59
1271,20250601,8,5,Revenue,1293451.95
1272,20250601,8,6,Revenue,1570076.69
1273,20250601,9,1,Revenue,748871.36
1274,20250601,9,2,Revenue,2459388.17
1275,20250601,9,3,Revenue,2238266.42
1276,20250601,9,4,Revenue,824334.21
1277,20250601,9,5,Revenue,857379.59
1278,20250601,9,6,Revenue,1738096.2
1279,20250601,10,1,Revenue,869534.27
1280,20250601,10,2,Revenue,2467603.57
1281,20250601,10,3,Revenue,1774292.19
1282,20250601,10,4,Revenue,2022598.91
1283,20250601,10,5,Revenue,627088.18
1284,20250601,10,6,Revenue,1558685.38
1285,20250601,11,1,Revenue,1300218.08
1286,20250601,11,2,Revenue,1884896.68
1287,20250601,11,3,Revenue,779540.48
1288,20250601,11,4,Revenue,2076320.24
1289,20250601,11,5,Revenue,546362.23
1290,20250601,11,6,Revenue,1126593.32
1291,20250601,12,1,Revenue,2242758.43
1292,20250601,12,2,Revenue,2369942.34
1293,20250601,12,3,Revenue,648121.65
1294,20250601,12,4,Revenue,1893580.83
1295,20250601,12,5,Revenue,741974.83
1296,20250601,12,6,Revenue,1320418.51
1297,20250701,1,1,Revenue,1254270.74
1298,20250701,1,2,Revenue,2181420.04
1299,20250701,1,3,Revenue,2495428.09
1300,20250701,1,4,Revenue,1787662.24
1301,20250701,1,5,Revenue,867228.64
1302,20250701,1,6,Revenue,2053132.45
1303,20250701,2,1,Revenue,1869845.41
1304,20250701,2,2,Revenue,1814595.01
1305,20250701,2,3,Revenue,1937871.14
1306,20250701,2,4,Revenue,1692662.36
1307,20250701,2,5,Revenue,2223933.17
1308,20250701,2,6,Revenue,1078230.89
1309,20250701,3,1,Revenue,645491.15
1310,20250701,3,2,Revenue,2438265.62
1311,20250701,3,3,Revenue,1807473.93
1312,20250701,3,4,Revenue,518570.94
1313,20250701,3,5,Revenue,1568548.54
1314,20250701,3,6,Revenue,1359793.93
1315,20250701,4,1,Revenue,2465290.47
1316,20250701,4,2,Revenue,1686932.78
1317,20250701,4,3,Revenue,693741.34
1318,20250701,4,4,Revenue,1012623.14
1319,20250701,4,5,Revenue,1356292.99
1320,20250701,4,6,Revenue,660107.95
1321,20250701,5,1,Revenue,622089.8
1322,20250701,5,2,Revenue,1130642.01
1323,20250701,5,3,Revenue,2246071.71
1324,20250701,5,4,Revenue,1239432.24
1325,20250701,5,5,Revenue,909307.3
1326,20250701,5,6,Revenue,2256598.53
1327,20250701,6,1,Revenue,1343638.3
1328,20250701,6,2,Revenue,1545174.12
1329,20250701,6,3,Revenue,2112020.15
1330,20250701,6,4,Revenue,1615405.85
1331,20250701,6,5,Revenue,1081379.84
1332,20250701,6,6,Revenue,1889321.79
1333,20250701,7,1,Revenue,1091356.09
1334,20250701,7,2,Revenue,1153998.52
1335,20250701,7,3,Revenue,1230163.25
1336,20250701,7,4,Revenue,1922335.5
1337,20250701,7,5,Revenue,1883802.0
1338,20250701,7,6,Revenue,2026027.86
1339,20250701,8,1,Revenue,1794515.67
1340,20250701,8,2,Revenue,1367221.65
1341,20250701,8,3,Revenue,2245746.9
1342,20250701,8,4,Revenue,1915955.99
1343,20250701,8,5,Revenue,1357076.36
1344,20250701,8,6,Revenue,890632.74
1345,20250701,9,1,Revenue,2012077.68
1346,20250701,9,2,Revenue,888659.75
1347,20250701,9,3,Revenue,1343737.39
1348,20250701,9,4,Revenue,1931070.21
1349,20250701,9,5,Revenue,2471714.03
1350,20250701,9,6,Revenue,1353361.27
1351,20250701,10,1,Revenue,1290485.87
1352,20250701,10,2,Revenue,1628884.98
1353,20250701,10,3,Revenue,651871.41
1354,20250701,10,4,Revenue,1611916.05
1355,20250701,10,5,Revenue,2401247.3
1356,20250701,10,6,Revenue,2460947.21
1357,20250701,11,1,Revenue,1550822.82
1358,20250701,11,2,Revenue,2097111.27
1359,20250701,11,3,Revenue,838517.94
1360,20250701,11,4,Revenue,1199226.67
1361,20250701,11,5,Revenue,1403865.8
1362,20250701,11,6,Revenue,1527360.21
1363,20250701,12,1,Revenue,2123976.66
1364,20250701,12,2,Revenue,580238.4
1365,20250701,12,3,Revenue,646153.7
1366,20250701,12,4,Revenue,2098733.42
1367,20250701,12,5,Revenue,2017028.67
1368,20250701,12,6,Revenue,870893.39
1369,20250801,1,1,Revenue,810165.23
1370,20250801,1,2,Revenue,1808980.33
1371,20250801,1,3,Revenue,1604351.0
1372,20250801,1,4,Revenue,1510568.99
1373,20250801,1,5,Revenue,983636.63
1374,20250801,1,6,Revenue,1763891.71
1375,20250801,2,1,Revenue,1568726.13
1376,20250801,2,2,Revenue,2149279.54
1377,20250801,2,3,Revenue,1084991.72
1378,20250801,2,4,Revenue,2090813.47
1379,20250801,2,5,Revenue,1476595.94
1380,20250801,2,6,Revenue,782426.67
1381,20250801,3,1,Revenue,1423357.89
1382,20250801,3,2,Revenue,886533.73
1383,20250801,3,3,Revenue,1347463.14
1384,20250801,3,4,Revenue,1794188.59
1385,20250801,3,5,Revenue,874876.5
1386,20250801,3,6,Revenue,1437511.51
1387,20250801,4,1,Revenue,1617357.01
1388,20250801,4,2,Revenue,2004464.39
1389,20250801,4,3,Revenue,1650504.79
1390,20250801,4,4,Revenue,2444148.94
1391,20250801,4,5,Revenue,1320565.33
1392,20250801,4,6,Revenue,861861.06
1393,20250801,5,1,Revenue,1229538.57
1394,20250801,5,2,Revenue,763888.46
1395,20250801,5,3,Revenue,622268.84
1396,20250801,5,4,Revenue,634293.36
1397,20250801,5,5,Revenue,671272.27
1398,20250801,5,6,Revenue,2264281.46
1399,20250801,6,1,Revenue,1710472.69
1400,20250801,6,2,Revenue,579817.09
1401,20250801,6,3,Revenue,949643.29
1402,20250801,6,4,Revenue,1712440.16
1403,20250801,6,5,Revenue,1822197.25
1404,20250801,6,6,Revenue,1871416.62
1405,20250801,7,1,Revenue,1452644.74
1406,20250801,7,2,Revenue,1727193.37
1407,20250801,7,3,Revenue,1755294.74
1408,20250801,7,4,Revenue,1597020.54
1409,20250801,7,5,Revenue,1968662.24
1410,20250801,7,6,Revenue,2303879.92
1411,20250801,8,1,Revenue,716341.0
1412,20250801,8,2,Revenue,2139970.24
1413,20250801,8,3,Revenue,583424.58
1414,20250801,8,4,Revenue,1893766.84
1415,20250801,8,5,Revenue,1334732.41
1416,20250801,8,6,Revenue,1167033.77
1417,20250801,9,1,Revenue,1816557.92
1418,20250801,9,2,Revenue,1834176.13
1419,20250801,9,3,Revenue,2128659.38
1420,20250801,9,4,Revenue,645404.88
1421,20250801,9,5,Revenue,2262308.85
1422,20250801,9,6,Revenue,1061200.07
1423,20250801,10,1,Revenue,2126786.75
1424,20250801,10,2,Revenue,1054439.86
1425,20250801,10,3,Revenue,1482328.28
1426,20250801,10,4,Revenue,2338678.64
1427,20250801,10,5,Revenue,631038.56
1428,20250801,10,6,Revenue,1918647.23
1429,20250801,11,1,Revenue,1109450.27
1430,20250801,11,2,Revenue,866840.33
1431,20250801,11,3,Revenue,2466654.56
1432,20250801,11,4,Revenue,1535909.2
1433,20250801,11,5,Revenue,610501.39
1434,20250801,11,6,Revenue,1632237.28
1435,20250801,12,1,Revenue,894339.0
1436,20250801,12,2,Revenue,1400946.36
1437,20250801,12,3,Revenue,838663.86
1438,20250801,12,4,Revenue,1793881.41
1439,20250801,12,5,Revenue,1978299.88
1440,20250801,12,6,Revenue,1637547.86
1441,20250901,1,1,Revenue,1411285.25
1442,20250901,1,2,Revenue,746890.08
1443,20250901,1,3,Revenue,1154055.3
1444,20250901,1,4,Revenue,1312103.32
1445,20250901,1,5,Revenue,2352847.01
1446,20250901,1,6,Revenue,592320.12
1447,20250901,2,1,Revenue,1481442.96
1448,20250901,2,2,Revenue,760332.4
1449,20250901,2,3,Revenue,1204930.71
1450,20250901,2,4,Revenue,1730817.24
1451,20250901,2,5,Revenue,2196486.28
1452,20250901,2,6,Revenue,612497.39
1453,20250901,3,1,Revenue,1226004.98
1454,20250901,3,2,Revenue,1865875.58
1455,20250901,3,3,Revenue,1588601.01
1456,20250901,3,4,Revenue,539504.54
1457,20250901,3,5,Revenue,2082935.06
1458,20250901,3,6,Revenue,740949.77
1459,20250901,4,1,Revenue,1739263.38
1460,20250901,4,2,Revenue,2400202.52
1461,20250901,4,3,Revenue,2377720.81
1462,20250901,4,4,Revenue,1876218.99
1463,20250901,4,5,Revenue,1858151.3
1464,20250901,4,6,Revenue,1122286.04
1465,20250901,5,1,Revenue,2190814.54
1466,20250901,5,2,Revenue,570985.11
1467,20250901,5,3,Revenue,2184236.85
1468,20250901,5,4,Revenue,793267.13
1469,20250901,5,5,Revenue,1731630.95
1470,20250901,5,6,Revenue,819760.91
1471,20250901,6,1,Revenue,1070543.3
1472,20250901,6,2,Revenue,1011454.92
1473,20250901,6,3,Revenue,2327864.78
1474,20250901,6,4,Revenue,1944694.71
1475,20250901,6,5,Revenue,1033130.52
1476,20250901,6,6,Revenue,2255680.63
1477,20250901,7,1,Revenue,2105058.17
1478,20250901,7,2,Revenue,943217.01
1479,20250901,7,3,Revenue,1876121.08
1480,20250901,7,4,Revenue,2307911.2
1481,20250901,7,5,Revenue,1626736.6
1482,20250901,7,6,Revenue,1515989.57
1483,20250901,8,1,Revenue,1575028.88
1484,20250901,8,2,Revenue,1025996.3
1485,20250901,8,3,Revenue,2086549.14
1486,20250901,8,4,Revenue,2158224.55
1487,20250901,8,5,Revenue,1142900.53
1488,20250901,8,6,Revenue,535837.62
1489,20250901,9,1,Revenue,1001257.27
1490,20250901,9,2,Revenue,987834.08
1491,20250901,9,3,Revenue,645339.93
1492,20250901,9,4,Revenue,1312187.85
1493,20250901,9,5,Revenue,2116191.98
1494,20250901,9,6,Revenue,815596.36
1495,20250901,10,1,Revenue,2495323.24
1496,20250901,10,2,Revenue,892808.2
1497,20250901,10,3,Revenue,1626073.01
1498,20250901,10,4,Revenue,1662569.99
1499,20250901,10,5,Revenue,1525485.39
1500,20250901,10,6,Revenue,1925772.46
1501,20250901,11,1,Revenue,1279349.36
1502,20250901,11,2,Revenue,894638.41
1503,20250901,11,3,Revenue,536604.4
1504,20250901,11,4,Revenue,933901.72
1505,20250901,11,5,Revenue,695122.75
1506,20250901,11,6,Revenue,591889.69
1507,20250901,12,1,Revenue,955904.68
1508,20250901,12,2,Revenue,796658.38
1509,20250901,12,3,Revenue,1584798.79
1510,20250901,12,4,Revenue,609708.41
1511,20250901,12,5,Revenue,1950369.49
1512,20250901,12,6,Revenue,1444329.44
1513,20251001,1,1,Revenue,811680.82
1514,20251001,1,2,Revenue,1352328.69
1515,20251001,1,3,Revenue,1264602.1
1516,20251001,1,4,Revenue,1759165.84
1517,20251001,1,5,Revenue,2379527.07
1518,20251001,1,6,Revenue,811084.1
1519,20251001,2,1,Revenue,1600747.1
1520,20251001,2,2,Revenue,874186.62
1521,20251001,2,3,Revenue,1823915.42
1522,20251001,2,4,Revenue,753094.25
1523,20251001,2,5,Revenue,615082.24
1524,20251001,2,6,Revenue,1641985.34
1525,20251001,3,1,Revenue,2246780.64
1526,20251001,3,2,Revenue,752158.2
1527,20251001,3,3,Revenue,963675.48
1528,20251001,3,4,Revenue,557528.11
1529,20251001,3,5,Revenue,2026119.28
1530,20251001,3,6,Revenue,952737.49
1531,20251001,4,1,Revenue,898250.46
1532,20251001,4,2,Revenue,2386390.21
1533,20251001,4,3,Revenue,510063.7
1534,20251001,4,4,Revenue,1282635.92
1535,20251001,4,5,Revenue,1172446.52
1536,20251001,4,6,Revenue,1770774.32
1537,20251001,5,1,Revenue,1342139.46
1538,20251001,5,2,Revenue,2370595.66
1539,20251001,5,3,Revenue,2442582.63
1540,20251001,5,4,Revenue,1718576.93
1541,20251001,5,5,Revenue,1783837.72
1542,20251001,5,6,Revenue,1370324.8
1543,20251001,6,1,Revenue,1161895.59
1544,20251001,6,2,Revenue,2246496.49
1545,20251001,6,3,Revenue,517899.75
1546,20251001,6,4,Revenue,2173757.23
1547,20251001,6,5,Revenue,2478924.64
1548,20251001,6,6,Revenue,1706745.94
1549,20251001,7,1,Revenue,1551739.73
1550,20251001,7,2,Revenue,1168464.2
1551,20251001,7,3,Revenue,1430775.21
1552,20251001,7,4,Revenue,1543948.74
1553,20251001,7,5,Revenue,2259749.32
1554,20251001,7,6,Revenue,858017.75
1555,20251001,8,1,Revenue,1287934.72
1556,20251001,8,2,Revenue,679510.3
1557,20251001,8,3,Revenue,874203.03
1558,20251001,8,4,Revenue,1832073.71
1559,20251001,8,5,Revenue,1681874.87
1560,20251001,8,6,Revenue,2296800.71
1561,20251001,9,1,Revenue,2250942.66
1562,20251001,9,2,Revenue,754578.03
1563,20251001,9,3,Revenue,621676.36
1564,20251001,9,4,Revenue,1856907.43
1565,20251001,9,5,Revenue,1565330.48
1566,20251001,9,6,Revenue,592850.77
1567,20251001,10,1,Revenue,1590649.17
1568,20251001,10,2,Revenue,1354583.1
1569,20251001,10,3,Revenue,1826517.25
1570,20251001,10,4,Revenue,1200974.95
1571,20251001,10,5,Revenue,922996.23
1572,20251001,10,6,Revenue,896563.36
1573,20251001,11,1,Revenue,528221.12
1574,20251001,11,2,Revenue,1268946.6
1575,20251001,11,3,Revenue,1428403.74
1576,20251001,11,4,Revenue,1508098.43
1577,20251001,11,5,Revenue,1304871.63
1578,20251001,11,6,Revenue,990876.68
1579,20251001,12,1,Revenue,1009900.15
1580,20251001,12,2,Revenue,2323772.63
1581,20251001,12,3,Revenue,1802176.72
1582,20251001,12,4,Revenue,516854.25
1583,20251001,12,5,Revenue,2083484.69
1584,20251001,12,6,Revenue,905369.94
1585,20251101,1,1,Revenue,2006192.89
1586,20251101,1,2,Revenue,2083009.82
1587,20251101,1,3,Revenue,836117.28
1588,20251101,1,4,Revenue,1691673.82
1589,20251101,1,5,Revenue,1811554.94
1590,20251101,1,6,Revenue,1497737.2
1591,20251101,2,1,Revenue,2465385.68
1592,20251101,2,2,Revenue,1305015.97
1593,20251101,2,3,Revenue,630645.43
1594,20251101,2,4,Revenue,2291660.12
1595,20251101,2,5,Revenue,1338374.17
1596,20251101,2,6,Revenue,2423856.81
1597,20251101,3,1,Revenue,1067580.52
1598,20251101,3,2,Revenue,1868158.48
1599,20251101,3,3,Revenue,528411.47
1600,20251101,3,4,Revenue,1213968.41
1601,20251101,3,5,Revenue,607172.33
1602,20251101,3,6,Revenue,2287920.05
1603,20251101,4,1,Revenue,1113666.75
1604,20251101,4,2,Revenue,2036417.27
1605,20251101,4,3,Revenue,961724.14
1606,20251101,4,4,Revenue,2103015.39
1607,20251101,4,5,Revenue,2143515.4
1608,20251101,4,6,Revenue,1340774.53
1609,20251101,5,1,Revenue,2308690.12
1610,20251101,5,2,Revenue,2222111.51
1611,20251101,5,3,Revenue,1301331.43
1612,20251101,5,4,Revenue,628262.2
1613,20251101,5,5,Revenue,2180953.33
1614,20251101,5,6,Revenue,1566724.07
1615,20251101,6,1,Revenue,1670790.16
1616,20251101,6,2,Revenue,655072.38
1617,20251101,6,3,Revenue,2308161.11
1618,20251101,6,4,Revenue,1277880.19
1619,20251101,6,5,Revenue,2199870.74
1620,20251101,6,6,Revenue,515654.76
1621,20251101,7,1,Revenue,775090.89
1622,20251101,7,2,Revenue,2006665.65
1623,20251101,7,3,Revenue,2427131.07
1624,20251101,7,4,Revenue,1684598.13
1625,20251101,7,5,Revenue,638959.61
1626,20251101,7,6,Revenue,2466243.81
1627,20251101,8,1,Revenue,1499568.7
1628,20251101,8,2,Revenue,511101.83
1629,20251101,8,3,Revenue,1911093.58
1630,20251101,8,4,Revenue,2238560.86
1631,20251101,8,5,Revenue,2419086.55
1632,20251101,8,6,Revenue,655629.25
1633,20251101,9,1,Revenue,2111464.25
1634,20251101,9,2,Revenue,1737326.16
1635,20251101,9,3,Revenue,1142115.45
1636,20251101,9,4,Revenue,2360554.23
1637,20251101,9,5,Revenue,1696540.09
1638,20251101,9,6,Revenue,1097426.38
1639,20251101,10,1,Revenue,2411072.51
1640,20251101,10,2,Revenue,791552.47
1641,20251101,10,3,Revenue,2043942.86
1642,20251101,10,4,Revenue,787310.46
1643,20251101,10,5,Revenue,1431026.08
1644,20251101,10,6,Revenue,1344845.93
1645,20251101,11,1,Revenue,2039882.99
1646,20251101,11,2,Revenue,1875293.63
1647,20251101,11,3,Revenue,1310480.94
1648,20251101,11,4,Revenue,2370348.73
1649,20251101,11,5,Revenue,2190026.35
1650,20251101,11,6,Revenue,2149556.18
1651,20251101,12,1,Revenue,700619.9
1652,20251101,12,2,Revenue,1546131.97
1653,20251101,12,3,Revenue,2231608.77
1654,20251101,12,4,Revenue,861865.72
1655,20251101,12,5,Revenue,946176.88
1656,20251101,12,6,Revenue,2476510.52
1657,20251201,1,1,Revenue,547409.63
1658,20251201,1,2,Revenue,1115098.34
1659,20251201,1,3,Revenue,2362048.24
1660,20251201,1,4,Revenue,778905.02
1661,20251201,1,5,Revenue,555029.23
1662,20251201,1,6,Revenue,1147938.24
1663,20251201,2,1,Revenue,528426.23
1664,20251201,2,2,Revenue,1683103.58
1665,20251201,2,3,Revenue,576871.24
1666,20251201,2,4,Revenue,629499.18
1667,20251201,2,5,Revenue,1305232.36
1668,20251201,2,6,Revenue,2194809.21
1669,20251201,3,1,Revenue,2379465.77
1670,20251201,3,2,Revenue,1127017.55
1671,20251201,3,3,Revenue,1837167.5
1672,20251201,3,4,Revenue,1110805.02
1673,20251201,3,5,Revenue,2287364.86
1674,20251201,3,6,Revenue,648407.78
1675,20251201,4,1,Revenue,1054858.3
1676,20251201,4,2,Revenue,659868.87
1677,20251201,4,3,Revenue,1913659.74
1678,20251201,4,4,Revenue,1872133.72
1679,20251201,4,5,Revenue,939727.57
1680,20251201,4,6,Revenue,1524283.13
1681,20251201,5,1,Revenue,1130527.27
1682,20251201,5,2,Revenue,2387164.86
1683,20251201,5,3,Revenue,1266581.97
1684,20251201,5,4,Revenue,530571.9
1685,20251201,5,5,Revenue,854682.6
1686,20251201,5,6,Revenue,1103181.21
1687,20251201,6,1,Revenue,741345.48
1688,20251201,6,2,Revenue,1621468.99
1689,20251201,6,3,Revenue,1313875.21
1690,20251201,6,4,Revenue,1001751.93
1691,20251201,6,5,Revenue,947529.83
1692,20251201,6,6,Revenue,2429695.41
1693,20251201,7,1,Revenue,1720973.72
1694,20251201,7,2,Revenue,787738.87
1695,20251201,7,3,Revenue,1646979.31
1696,20251201,7,4,Revenue,1052694.53
1697,20251201,7,5,Revenue,2315722.11
1698,20251201,7,6,Revenue,1270311.93
1699,20251201,8,1,Revenue,1631545.91
1700,20251201,8,2,Revenue,1363329.16
1701,20251201,8,3,Revenue,2425005.47
1702,20251201,8,4,Revenue,1775905.38
1703,20251201,8,5,Revenue,2488495.52
1704,20251201,8,6,Revenue,1454418.82
1705,20251201,9,1,Revenue,548999.83
1706,20251201,9,2,Revenue,2269903.86
1707,20251201,9,3,Revenue,553959.83
1708,20251201,9,4,Revenue,1456892.55
1709,20251201,9,5,Revenue,940282.06
1710,20251201,9,6,Revenue,561688.88
1711,20251201,10,1,Revenue,2050234.48
1712,20251201,10,2,Revenue,678189.11
1713,20251201,10,3,Revenue,2260405.92
1714,20251201,10,4,Revenue,1547665.12
1715,20251201,10,5,Revenue,789940.01
1716,20251201,10,6,Revenue,1584427.81
1717,20251201,11,1,Revenue,1641740.19
1718,20251201,11,2,Revenue,700097.5
1719,20251201,11,3,Revenue,1948189.13
1720,20251201,11,4,Revenue,1379798.76
1721,20251201,11,5,Revenue,1810544.43
1722,20251201,11,6,Revenue,1100309.83
1723,20251201,12,1,Revenue,1933857.05
1724,20251201,12,2,Revenue,864658.85
1725,20251201,12,3,Revenue,1812730.94
1726,20251201,12,4,Revenue,2260173.74
1727,20251201,12,5,Revenue,2183993.18
1728,20251201,12,6,Revenue,1411131.22
